{"stats":{"minecraft:picked_up":{"youre_seeing_dungeons:lockey":1,"minecraft:crafting_table":1,"ecologics:walnut":1,"minecraft:leather":5,"minecraft:lead":2,"minecraft:dirt":211,"minecraft:wheat_seeds":2,"minecraft:beef":3,"youre_seeing_dungeons:fake_chiseled_hideout_block":1,"youre_seeing_dungeons:chiseled_hideout_block":29,"minecraft:raw_iron":5,"ecologics:walnut_log":8,"minecraft:acacia_log":5,"iceandfire:silver_ore":2,"youre_seeing_dungeons:cracked_chiseled_hideout_block":11,"minecraft:porkchop":7,"youre_seeing_dungeons:essence":4,"youre_seeing_dungeons:loot_token":1,"youre_seeing_dungeons:unreal_gold":7,"alexsmobs:maggot":2,"minecraft:coal":20,"minecraft:cobblestone":111},"minecraft:mined":{"youre_seeing_dungeons:cracked_chiseled_hideout_block":14,"iceandfire:silver_ore":2,"minecraft:crafting_table":1,"minecraft:acacia_log":5,"minecraft:grass_block":203,"ecologics:walnut_leaves":1,"minecraft:spawner":2,"youre_seeing_dungeons:fake_chiseled_hideout_block":1,"minecraft:iron_ore":5,"minecraft:grass":12,"minecraft:coal_ore":20,"minecraft:dirt":14,"youre_seeing_dungeons:hideout_loot_box":1,"ecologics:walnut_log":4,"minecraft:stone":113,"youre_seeing_dungeons:chiseled_hideout_block":32},"minecraft:crafted":{"minecraft:cooked_beef":2,"minecraft:cooked_porkchop":7,"minecraft:crafting_table":3,"minecraft:wooden_pickaxe":1,"ecologics:walnut_planks":16,"minecraft:furnace":5,"minecraft:stone_axe":1,"minecraft:air":0,"minecraft:stick":20,"minecraft:iron_ingot":5,"minecraft:iron_pickaxe":1,"minecraft:stone_pickaxe":1,"minecraft:wooden_axe":1,"minecraft:iron_shovel":1,"minecraft:chest":1,"minecraft:acacia_planks":20},"minecraft:dropped":{"minecraft:wheat_seeds":2,"minecraft:cobblestone":1,"minecraft:lead":1,"minecraft:wooden_axe":1,"minecraft:wooden_pickaxe":1,"minecraft:iron_shovel":1,"ecologics:walnut_log":4},"minecraft:custom":{"minecraft:interact_with_furnace":26,"minecraft:mob_kills":12,"minecraft:interact_with_crafting_table":13,"minecraft:leave_game":2,"minecraft:time_since_death":406,"minecraft:climb_one_cm":1047,"minecraft:time_since_rest":453,"minecraft:sprint_one_cm":53886,"minecraft:damage_taken":682,"minecraft:walk_one_cm":86325,"minecraft:drop":8,"minecraft:damage_dealt":1755,"minecraft:swim_one_cm":9864,"minecraft:talked_to_villager":1,"minecraft:fly_one_cm":100234,"minecraft:open_chest":16,"minecraft:crouch_one_cm":21686,"minecraft:play_time":39047,"minecraft:deaths":1,"minecraft:sneak_time":3716,"minecraft:walk_under_water_one_cm":13840,"minecraft:jump":507,"minecraft:walk_on_water_one_cm":8743,"minecraft:total_world_time":39047,"minecraft:fall_one_cm":16101},"minecraft:used":{"youre_seeing_dungeons:chiseled_hideout_block":8,"minecraft:iron_shovel":181,"minecraft:stone_pickaxe":131,"minecraft:chest":1,"minecraft:wooden_pickaxe":32,"minecraft:dirt":189,"minecraft:crafting_table":4,"youre_seeing_dungeons:cracked_chiseled_hideout_block":5,"minecraft:wooden_axe":14,"alexsmobs:maggot":1,"youre_seeing_dungeons:fake_chiseled_hideout_block":1,"minecraft:iron_pickaxe":32,"youre_seeing_dungeons:unreal_dagger":4,"minecraft:stone_axe":13,"minecraft:beef":1,"minecraft:cooked_porkchop":6,"minecraft:furnace":5,"ecologics:walnut":1,"alexsmobs:animal_dictionary":1},"minecraft:killed":{"minecraft:pig":4,"minecraft:wandering_trader":1,"difficult_spawners:evil_spirit":2,"minecraft:trader_llama":2,"minecraft:drowned":1,"minecraft:cow":2},"minecraft:broken":{"minecraft:stone_pickaxe":1},"minecraft:killed_by":{"shark_mod:tiger_shark":1}},"DataVersion":3120}