{"stats":{"minecraft:picked_up":{"minecraft:birch_log":26,"minecraft:crafting_table":2,"minecraft:ladder":2,"minecraft:andesite":2,"minecraft:potato":5,"minecraft:oak_stairs":16,"minecraft:oak_log":22,"minecraft:cobbled_deepslate_stairs":8,"minecraft:oak_trapdoor":11,"minecraft:dirt":13,"minecraft:moss_carpet":1,"aquaculture:bluegill":8,"minecraft:cobbled_deepslate":4,"minecraft:cobbled_deepslate_slab":23,"minecraft:spruce_planks":8,"minecraft:stone_pickaxe":3,"simpleores:raw_tin":39,"aquaculture:minnow":5,"minecraft:chest":1,"minecraft:piston":1,"minecraft:spruce_trapdoor":4,"minecraft:stick":5,"minecraft:raw_iron":8,"minecraft:oak_fence":8,"minecraft:torch":1,"iceandfire:silver_ore":4,"aquaculture:perch":1,"minecraft:porkchop":3,"minecraft:spruce_log":44,"minecraft:carrot":2,"alexsmobs:animal_dictionary":1,"minecraft:mossy_cobblestone":35,"youre_seeing_dungeons:essence":3,"minecraft:rotten_flesh":7,"minecraft:stone_axe":1,"minecraft:granite":2,"aquaculture:carp":2,"minecraft:oak_sapling":2,"simpleores:tin_bars":1,"minecraft:coal":59,"minecraft:cobblestone":122},"minecraft:killed_by":{"man:managgresive":1,"minecraft:player":1,"minecraft:zombie":1,"iceandfire:sea_serpent":1},"minecraft:dropped":{"aquaculture:carp":2,"minecraft:moss_carpet":1,"minecraft:stone_axe":1,"minecraft:piston":1,"minecraft:oak_trapdoor":4,"minecraft:cobbled_deepslate_stairs":4,"minecraft:cobbled_deepslate":1,"aquaculture:perch":1,"minecraft:oak_fence":8,"minecraft:rotten_flesh":5,"aquaculture:minnow":5,"minecraft:granite":2,"minecraft:cobbled_deepslate_slab":9,"minecraft:potato":5,"minecraft:spruce_trapdoor":1,"minecraft:spruce_planks":2,"youre_seeing_dungeons:essence":1,"minecraft:andesite":2,"minecraft:oak_stairs":10,"minecraft:stone_pickaxe":3},"minecraft:killed":{"minecraft:pig":1,"aquaculture:bluegill":8,"aquaculture:minnow":5,"minecraft:zombie":10,"aquaculture:brown_trout":1,"aquaculture:perch":1,"aquaculture:carp":2},"minecraft:used":{"minecraft:oak_trapdoor":7,"simpleores:tin_axe":27,"minecraft:ladder":2,"minecraft:stone_pickaxe":89,"minecraft:chest":3,"minecraft:spruce_planks":55,"minecraft:wooden_pickaxe":59,"aquaculture:bluegill":8,"minecraft:torch":18,"minecraft:dirt":13,"minecraft:crafting_table":6,"minecraft:cobbled_deepslate_stairs":4,"minecraft:spruce_log":3,"simpleores:tin_bars":33,"minecraft:wooden_axe":80,"minecraft:iron_pickaxe":35,"minecraft:iron_axe":65,"minecraft:oak_stairs":6,"minecraft:spruce_trapdoor":11,"minecraft:stone_axe":36,"minecraft:cobblestone":6,"minecraft:cobbled_deepslate_slab":14,"minecraft:furnace":4,"minecraft:cooked_porkchop":3,"simpleores:tin_pickaxe":87,"alexsmobs:animal_dictionary":1,"minecraft:cobbled_deepslate":3},"minecraft:mined":{"minecraft:piston_head":1,"minecraft:spruce_planks":8,"iceandfire:silver_ore":4,"minecraft:mossy_cobblestone":35,"minecraft:cobbled_deepslate_stairs":8,"minecraft:powder_snow":4,"minecraft:oak_fence":9,"minecraft:spruce_trapdoor":5,"minecraft:crafting_table":2,"minecraft:torch":1,"minecraft:granite":2,"minecraft:cobbled_deepslate_slab":24,"minecraft:grass_block":11,"minecraft:chest":1,"ecologics:coconut_leaves":2,"minecraft:cobblestone":1,"minecraft:spruce_leaves":15,"minecraft:oak_trapdoor":12,"minecraft:birch_log":26,"minecraft:iron_ore":8,"minecraft:cobbled_deepslate":4,"minecraft:spruce_log":41,"minecraft:birch_leaves":5,"minecraft:andesite":2,"minecraft:moss_carpet":1,"simpleores:tin_bars":1,"minecraft:potatoes":3,"minecraft:coal_ore":59,"minecraft:oak_log":22,"minecraft:oak_stairs":18,"minecraft:dirt":2,"simpleores:tin_ore":18,"minecraft:stone":98,"minecraft:oak_leaves":3},"minecraft:custom":{"minecraft:interact_with_furnace":63,"minecraft:mob_kills":29,"minecraft:interact_with_crafting_table":25,"minecraft:open_barrel":1,"minecraft:leave_game":2,"minecraft:time_since_death":79374,"minecraft:climb_one_cm":7737,"minecraft:time_since_rest":79399,"minecraft:sprint_one_cm":105407,"minecraft:damage_taken":1978,"minecraft:walk_one_cm":175672,"minecraft:drop":66,"minecraft:damage_dealt":2804,"minecraft:play_time":118635,"minecraft:swim_one_cm":41154,"minecraft:fly_one_cm":155008,"minecraft:crouch_one_cm":26680,"minecraft:open_chest":9,"minecraft:deaths":5,"minecraft:sneak_time":9492,"minecraft:walk_under_water_one_cm":12104,"minecraft:jump":1122,"minecraft:walk_on_water_one_cm":25627,"minecraft:total_world_time":118635,"minecraft:fall_one_cm":31541},"minecraft:broken":{"minecraft:wooden_axe":1,"minecraft:wooden_pickaxe":1},"minecraft:crafted":{"simpleores:tin_ingot":37,"minecraft:smooth_stone":31,"minecraft:oak_planks":88,"minecraft:cooked_porkchop":3,"iceandfire:silver_ingot":4,"minecraft:crafting_table":5,"minecraft:spruce_planks":144,"minecraft:wooden_pickaxe":1,"minecraft:furnace":4,"minecraft:stone":41,"minecraft:birch_planks":12,"simpleores:tin_bars":32,"minecraft:stone_axe":1,"minecraft:mossy_cobblestone_wall":30,"minecraft:air":0,"minecraft:spruce_trapdoor":8,"minecraft:iron_axe":1,"minecraft:stick":28,"minecraft:iron_ingot":8,"minecraft:stone_pickaxe":1,"minecraft:iron_pickaxe":1,"minecraft:wooden_axe":2,"minecraft:chest":11,"simpleores:tin_axe":1,"minecraft:torch":28,"iceandfire:silver_sword":1,"simpleores:tin_pickaxe":1}},"DataVersion":3120}