{"stats":{"minecraft:picked_up":{"irons_spellbooks:scroll":4,"youre_seeing_dungeons:lockey":1,"minecraft:crafting_table":1,"ecologics:walnut":1,"minecraft:cooked_beef":2,"minecraft:leather":5,"gnumus:gnumus_claw":2,"minecraft:lead":2,"minecraft:filled_map":4,"minecraft:string":14,"minecraft:dirt":211,"minecraft:cooked_salmon":6,"ecologics:music_disc_coconut":2,"irons_spellbooks:arcane_essence":3,"minecraft:wheat_seeds":8,"minecraft:heart_of_the_sea":2,"minecraft:iron_ingot":18,"minecraft:beef":3,"youre_seeing_dungeons:fake_chiseled_hideout_block":1,"minecraft:iron_pickaxe":2,"youre_seeing_dungeons:chiseled_hideout_block":101,"endrem:black_eye":5,"minecraft:raw_iron":5,"minecraft:sandstone":43,"minecraft:cooked_porkchop":2,"ecologics:walnut_log":8,"simpleores:mythril_ingot":18,"minecraft:acacia_log":5,"iceandfire:silver_ore":2,"youre_seeing_dungeons:cracked_chiseled_hideout_block":29,"minecraft:sand":20,"minecraft:porkchop":7,"shark_mod:shark_tooth":1,"youre_seeing_dungeons:essence":9,"minecraft:cooked_cod":6,"youre_seeing_dungeons:unreal_dagger":3,"minecraft:rotten_flesh":4,"youre_seeing_dungeons:unreal_gold":7,"youre_seeing_dungeons:loot_token":1,"gnumus:gnumus_clay":10,"minecraft:stone_axe":5,"simpleores:tin_ingot":12,"alexsmobs:maggot":2,"minecraft:oak_sapling":2,"minecraft:coal":47,"minecraft:cobblestone":183,"minecraft:nautilus_shell":2},"minecraft:mined":{"youre_seeing_dungeons:cracked_chiseled_hideout_block":14,"iceandfire:silver_ore":2,"minecraft:crafting_table":1,"minecraft:acacia_log":5,"minecraft:grass_block":203,"ecologics:walnut_leaves":1,"minecraft:sandstone":13,"minecraft:spawner":2,"minecraft:seagrass":1,"youre_seeing_dungeons:fake_chiseled_hideout_block":1,"minecraft:iron_ore":5,"minecraft:grass":12,"minecraft:coal_ore":20,"minecraft:sand":19,"minecraft:dirt":14,"youre_seeing_dungeons:hideout_loot_box":1,"ecologics:walnut_log":4,"minecraft:stone":131,"youre_seeing_dungeons:chiseled_hideout_block":32},"minecraft:crafted":{"minecraft:cooked_beef":2,"minecraft:cooked_porkchop":7,"minecraft:crafting_table":3,"minecraft:wooden_pickaxe":1,"ecologics:walnut_planks":16,"minecraft:furnace":5,"minecraft:stone_axe":1,"minecraft:air":0,"minecraft:stick":20,"minecraft:iron_ingot":5,"minecraft:iron_pickaxe":1,"minecraft:stone_pickaxe":1,"minecraft:wooden_axe":1,"minecraft:chest":1,"minecraft:iron_shovel":1,"minecraft:acacia_planks":20},"minecraft:dropped":{"minecraft:wheat_seeds":2,"ecologics:music_disc_coconut":1,"minecraft:cobblestone":1,"minecraft:lead":1,"minecraft:wooden_axe":1,"minecraft:oak_sapling":1,"minecraft:wooden_pickaxe":1,"minecraft:iron_shovel":1,"ecologics:walnut_log":4,"shark_mod:shark_tooth":1},"minecraft:custom":{"minecraft:interact_with_furnace":26,"minecraft:mob_kills":15,"minecraft:interact_with_crafting_table":13,"minecraft:leave_game":2,"minecraft:time_since_death":801,"minecraft:climb_one_cm":1047,"minecraft:time_since_rest":849,"minecraft:sprint_one_cm":64637,"minecraft:damage_taken":2477,"minecraft:walk_one_cm":98261,"minecraft:drop":11,"minecraft:damage_dealt":2685,"minecraft:swim_one_cm":59441,"minecraft:talked_to_villager":1,"minecraft:fly_one_cm":111073,"minecraft:open_chest":20,"minecraft:crouch_one_cm":23480,"minecraft:play_time":54892,"minecraft:deaths":6,"minecraft:sneak_time":4663,"minecraft:walk_under_water_one_cm":34092,"minecraft:jump":607,"minecraft:walk_on_water_one_cm":19415,"minecraft:total_world_time":54892,"minecraft:fall_one_cm":17891},"minecraft:used":{"youre_seeing_dungeons:chiseled_hideout_block":8,"minecraft:iron_shovel":181,"minecraft:stone_pickaxe":131,"minecraft:chest":1,"minecraft:wooden_pickaxe":32,"minecraft:sandstone":3,"minecraft:dirt":189,"minecraft:sand":20,"minecraft:crafting_table":4,"youre_seeing_dungeons:cracked_chiseled_hideout_block":5,"minecraft:wooden_axe":14,"alexsmobs:maggot":1,"youre_seeing_dungeons:fake_chiseled_hideout_block":1,"minecraft:iron_pickaxe":86,"youre_seeing_dungeons:unreal_dagger":4,"minecraft:stone_axe":24,"minecraft:beef":1,"endrem:black_eye":2,"minecraft:furnace":5,"minecraft:cooked_porkchop":7,"ecologics:walnut":1,"alexsmobs:animal_dictionary":1,"minecraft:cooked_beef":2},"minecraft:killed":{"minecraft:pig":4,"minecraft:wandering_trader":1,"shark_mod:tiger_shark":1,"difficult_spawners:evil_spirit":2,"minecraft:trader_llama":2,"minecraft:drowned":3,"minecraft:cow":2},"minecraft:broken":{"minecraft:stone_pickaxe":1},"minecraft:killed_by":{"shark_mod:tiger_shark":2,"minecraft:creeper":1,"minecraft:zombie":1,"minecraft:drowned":2}},"DataVersion":3120}