{"stats":{"minecraft:picked_up":{"minecraft:acacia_log":5,"minecraft:beef":1,"minecraft:dirt":1},"minecraft:crafted":{"minecraft:acacia_planks":20},"minecraft:mined":{"minecraft:grass":6,"minecraft:acacia_log":5,"minecraft:grass_block":1},"minecraft:custom":{"minecraft:time_since_rest":6580,"minecraft:crouch_one_cm":726,"minecraft:play_time":6580,"minecraft:sprint_one_cm":10629,"minecraft:damage_taken":35,"minecraft:walk_one_cm":5946,"minecraft:sneak_time":354,"minecraft:walk_under_water_one_cm":567,"minecraft:mob_kills":1,"minecraft:jump":150,"minecraft:damage_dealt":155,"minecraft:time_since_death":6580,"minecraft:walk_on_water_one_cm":673,"minecraft:total_world_time":6580,"minecraft:swim_one_cm":1661,"minecraft:fall_one_cm":7152,"minecraft:fly_one_cm":38952},"minecraft:used":{"minecraft:dirt":1,"youre_seeing_dungeons:unreal_dagger":4},"minecraft:killed":{"minecraft:cow":1}},"DataVersion":3120}