{"stats":{"minecraft:killed":{"minecraft:cave_spider":2,"minecraft:witch":1,"iceandfire:gorgon":2,"minecraft:spider":4,"minecraft:skeleton":24,"alexsmobs:leafcutter_ant":12,"minecraft:chicken":3,"mowziesmobs:umvuthana_crane":11,"ecologics:coconut_crab":1,"minecraft:silverfish":1,"alexsmobs:centipede_head":1,"irons_spellbooks:summoned_skeleton":1,"mowziesmobs:foliaath":2,"alexsmobs:anteater":2,"minecraft:zombie_villager":1,"irons_spellbooks:necromancer":1,"minecraft:sheep":3,"minecraft:zombie":90,"iceandfire:lightning_dragon":1,"mutantmonsters:mutant_creeper":1,"alexsmobs:komodo_dragon":2,"iceandfire:sea_serpent":1,"minecraft:cow":5,"savage_and_ravage:skeleton_villager":2,"irons_spellbooks:summoned_zombie":4,"themutantmobsmod:mutant_zombie_villager":1,"minecraft:vindicator":1,"alexsmobs:rattlesnake":2,"alexsmobs:gorilla":7,"iceandfire:deathworm":1,"mowziesmobs:umvuthana":1,"minecraft:husk":16,"youre_seeing_dungeons:desert_pillager_shadow":3,"aquaculture:jellyfish":1,"alexsmobs:emu":1,"difficult_spawners:evil_spirit":23,"iceandfire:ghost":4,"alexsmobs:gazelle":2},"minecraft:dropped":{"minecraft:spruce_sign":1,"minecraft:iron_sword":1,"youre_seeing_dungeons:chiseled_hideout_block":11,"minecraft:birch_planks":4,"minecraft:diamond_axe":1,"minecraft:mud_brick_slab":8,"gnumus:overripe_carrot":2,"minecraft:baked_potato":8,"minecraft:glow_ink_sac":3,"aquaculture:fishing_line":1,"minecraft:diamond":1,"mowziesmobs:umvuthana_mask_faith":7,"iceandfire:fire_dragon_flesh":2,"minecraft:cracked_stone_bricks":2,"travelersbackpack:iron_tier_upgrade":1,"minecraft:jungle_planks":1,"minecraft:fletching_table":2,"iceandfire:ectoplasm":1,"minecraft:quartz_pillar":2,"minecraft:leather_helmet":1,"minecraft:flint":112,"ecologics:walnut_planks":8,"youre_seeing_dungeons:lockey":1,"minecraft:dirt":13,"artifacts:superstitious_hat":1,"mowziesmobs:umvuthana_mask_bliss":1,"minecraft:mutton":16,"minecraft:cut_sandstone":9,"alexsmobs:emu_feather":2,"minecraft:gold_nugget":4,"minecraft:bone_meal":6,"iceandfire:ash":1,"minecraft:sand":7,"minecraft:iron_pickaxe":1,"minecraft:black_concrete":1,"minecraft:dark_oak_planks":6,"minecraft:white_wool":1,"minecraft:gold_ingot":98,"minecraft:bone":3,"minecraft:gravel":8,"youre_seeing_dungeons:cracked_chiseled_hideout_block":4,"minecraft:lever":1,"alexsmobs:centipede_leg":1,"cataclysm:music_disc_ignis":1,"minecraft:sugar_cane":10,"mowziesmobs:umvuthana_mask_rage":1,"minecraft:polished_andesite_slab":2,"alexsmobs:gazelle_horn":2,"minecraft:iron_nugget":2,"minecraft:cobbled_deepslate":28,"minecraft:smooth_sandstone_stairs":3,"minecraft:wheat":4,"minecraft:black_terracotta":3,"minecraft:rotten_flesh":143,"minecraft:oak_planks":1,"iceandfire:crackled_gravel":3,"minecraft:carrot":90,"alexsmobs:leafcutter_ant_pupa":4,"iceandfire:armor_amythest_leggings":2,"minecraft:gunpowder":29,"minecraft:skeleton_skull":2,"minecraft:acacia_sapling":2,"ecologics:coconut_husk":6,"minecraft:chest":2,"minecraft:iron_bars":2,"minecraft:arrow":17,"minecraft:stone_brick_stairs":15,"minecraft:enchanted_book":2,"minecraft:bread":1,"cataclysm:music_disc_the_leviathan":1,"minecraft:purple_terracotta":4,"minecraft:wheat_seeds":6,"youre_seeing_dungeons:unreal_dagger":1,"minecraft:diamond_leggings":1,"minecraft:book":12,"minecraft:iron_helmet":2,"minecraft:oak_fence":1,"minecraft:feather":14,"minecraft:cobblestone":55,"minecraft:lead":1,"mowziesmobs:umvuthana_mask_fear":2,"alexsmobs:rattlesnake_rattle":1,"minecraft:granite":41,"youre_seeing_dungeons:fake_chiseled_hideout_block":6,"iceandfire:lightning_dragon_flesh":3,"minecraft:spruce_stairs":1,"minecraft:chainmail_helmet":1,"minecraft:coal_block":44,"minecraft:stick":4,"minecraft:polished_andesite":2,"minecraft:pufferfish":26,"minecraft:cobweb":6,"iceandfire:dragonscales_black":6,"minecraft:diorite":15,"minecraft:smooth_red_sandstone":1,"minecraft:iron_trapdoor":2,"iceandfire:copper_nugget":155,"youre_seeing_dungeons:essence":5,"iceandfire:silver_sword":1,"minecraft:rabbit":1,"minecraft:brown_wool":1,"minecraft:oak_stairs":1,"artifacts:plastic_drinking_hat":1,"aquaculture:jellyfish":1,"minecraft:potion":2,"minecraft:brown_terracotta":2,"minecraft:iron_leggings":4,"minecraft:smooth_sandstone_slab":18,"minecraft:iron_axe":2,"youre_seeing_dungeons:fake_cracked_chiseled_hideout_block":2,"minecraft:chainmail_leggings":2,"minecraft:polished_deepslate":4,"minecraft:string":1,"minecraft:trapped_chest":3,"iceandfire:dragonbone":20,"minecraft:acacia_planks":5,"iceandfire:dragon_skull_fire":1,"artifacts:digging_claws":2,"youre_seeing_dungeons:unreal_gold":8,"minecraft:moss_carpet":1,"minecraft:green_terracotta":14,"alexsmobs:acacia_blossom":1,"iceandfire:armor_amythest_boots":1,"iceandfire:lightning_dragon_heart":3,"minecraft:raw_copper":45,"minecraft:tuff":1,"minecraft:raw_iron":1,"minecraft:iron_boots":5,"iceandfire:armor_black_leggings":1,"minecraft:white_terracotta":3,"minecraft:red_terracotta":3,"minecraft:flint_and_steel":1,"simpleores:raw_tin":2,"ecologics:walnut":1,"alexsmobs:cockroach_wing_fragment":1,"minecraft:diamond_chestplate":4,"minecraft:orange_terracotta":5,"minecraft:spruce_planks":1,"iceandfire:dragonscales_amythest":1,"minecraft:iron_chestplate":5,"minecraft:diamond_pickaxe":2,"minecraft:andesite":28,"iceandfire:silver_ingot":2,"minecraft:golden_leggings":2,"minecraft:oak_sapling":2,"minecraft:waxed_oxidized_cut_copper":1,"minecraft:stone_bricks":9,"minecraft:diamond_boots":1,"iceandfire:armor_black_chestplate":1,"minecraft:sandstone":1,"minecraft:red_sand":6,"iceandfire:fire_dragon_heart":1,"minecraft:bow":1,"minecraft:wooden_pickaxe":1,"minecraft:raw_gold":8,"ecologics:seashell":1,"iceandfire:sea_serpent_fang":4,"minecraft:terracotta":3},"minecraft:picked_up":{"minecraft:iron_chestplate":14,"travelersbackpack:bat":2,"minecraft:iron_trapdoor":2,"minecraft:oak_stairs":1,"minecraft:lead":1,"minecraft:enchanted_book":8,"minecraft:brown_bed":2,"minecraft:potion":2,"minecraft:stone_brick_stairs":18,"minecraft:polished_deepslate":4,"minecraft:string":11,"minecraft:raw_copper":219,"minecraft:iron_leggings":6,"minecraft:pufferfish":29,"minecraft:red_sand":6,"minecraft:diamond_leggings":1,"iceandfire:sea_serpent_scales_bronze":15,"irons_spellbooks:arcane_essence":7,"alexsmobs:emu_feather":2,"minecraft:smooth_stone":4,"minecraft:gold_nugget":2,"minecraft:cobbled_deepslate":179,"simpleores:raw_tin":73,"minecraft:iron_pickaxe":7,"minecraft:coal_block":12,"iceandfire:dragonscales_red":60,"minecraft:iron_boots":8,"alexsmobs:leafcutter_ant_chamber":27,"minecraft:furnace":6,"minecraft:stick":119,"ecologics:walnut_log":3,"minecraft:brown_terracotta":2,"minecraft:oak_fence":1,"minecraft:torch":11,"minecraft:acacia_log":42,"travelersbackpack:iron_tier_upgrade":1,"minecraft:spruce_stairs":1,"iceandfire:silver_ore":7,"iceandfire:lightning_dragon_flesh":3,"minecraft:golden_axe":4,"iceandfire:crackled_gravel":4,"minecraft:diorite":15,"minecraft:green_terracotta":14,"alexsmobs:centipede_leg":1,"minecraft:brown_carpet":3,"minecraft:rotten_flesh":203,"iceandfire:armor_amythest_leggings":1,"simpleores:adamantium_pickaxe":8,"ecologics:coconut_log":9,"iceandfire:fire_dragon_heart":1,"minecraft:white_terracotta":3,"minecraft:iron_bars":2,"minecraft:cobblestone":895,"minecraft:birch_log":2,"iceandfire:dragonscales_black":6,"youre_seeing_dungeons:lockey":9,"ecologics:walnut":1,"minecraft:feather":227,"minecraft:cooked_beef":10,"minecraft:andesite":157,"ecologics:coconut_planks":112,"minecraft:jungle_log":36,"gnumus:overripe_carrot":2,"minecraft:acacia_leaves":1,"minecraft:brown_wool":1,"minecraft:golden_leggings":7,"minecraft:potato":3,"minecraft:flint":2,"minecraft:tuff":1,"minecraft:smooth_sandstone_stairs":18,"simpleores:mythril_helmet":2,"travelersbackpack:gold_tier_upgrade":1,"minecraft:lapis_lazuli":137,"minecraft:dirt":38,"minecraft:cut_sandstone_slab":1,"iceandfire:armor_black_leggings":3,"minecraft:bone":95,"simpleores:raw_mythril":30,"minecraft:chipped_anvil":1,"minecraft:acacia_planks":161,"youre_seeing_dungeons:amulet_base":8,"minecraft:bow":1,"minecraft:wheat_seeds":8,"minecraft:raw_gold":48,"minecraft:fletching_table":3,"minecraft:rabbit":1,"minecraft:oak_planks":50,"iceandfire:dragonscales_amythest":12,"aquaculture:jellyfish":1,"youre_seeing_dungeons:chiseled_hideout_block":30,"minecraft:black_terracotta":3,"ecologics:azalea_log":2,"iceandfire:dragon_skull_fire":1,"minecraft:sand":113,"minecraft:jungle_planks":5,"iceandfire:armor_red_boots":6,"iceandfire:lightning_dragon_heart":3,"minecraft:red_terracotta":3,"minecraft:chiseled_sandstone":1,"minecraft:trapped_chest":4,"alexsmobs:animal_dictionary":3,"artifacts:plastic_drinking_hat":9,"minecraft:polished_andesite":3,"cataclysm:music_disc_netherite_monstrosity":2,"youre_seeing_dungeons:unreal_gold":20,"minecraft:diamond":112,"minecraft:black_concrete":2,"minecraft:lever":3,"alexsmobs:rattlesnake_rattle":1,"minecraft:granite":76,"minecraft:bone_meal":6,"minecraft:emerald":4,"minecraft:spruce_sign":1,"minecraft:bread":89,"minecraft:chainmail_helmet":2,"iceandfire:gorgon_head":4,"minecraft:chiseled_red_sandstone":4,"minecraft:oak_sapling":3,"minecraft:diamond_pickaxe":12,"minecraft:charcoal":332,"iceandfire:dragon_skull_lightning":1,"minecraft:waxed_oxidized_cut_copper":2,"minecraft:mud_brick_slab":8,"minecraft:crafting_table":4,"minecraft:chicken":3,"minecraft:nether_wart":320,"youre_seeing_dungeons:magic_rags":1,"ecologics:seashell":2,"minecraft:gold_block":12,"ecologics:coconut_boat":1,"minecraft:stripped_mangrove_log":1,"minecraft:moss_carpet":1,"minecraft:iron_axe":15,"minecraft:flint_and_steel":1,"iceandfire:tide_bronze_helmet":4,"ecologics:walnut_sapling":3,"minecraft:cracked_stone_bricks":2,"simpleores:raw_adamantium":149,"minecraft:beef":10,"minecraft:iron_nugget":6,"minecraft:sugar_cane":70,"minecraft:chest":4,"minecraft:stripped_crimson_hyphae":1,"minecraft:raw_iron":295,"minecraft:sandstone":50,"iceandfire:dragonbone":20,"ecologics:coconut_slice":6,"iceandfire:deathworm_chitin_red":2,"youre_seeing_dungeons:cracked_chiseled_hideout_block":8,"minecraft:quartz_pillar":2,"minecraft:carrot":506,"alexsmobs:leafcutter_ant_pupa":7,"minecraft:dark_oak_planks":6,"minecraft:smooth_sandstone_slab":36,"minecraft:purple_terracotta":4,"mowziesmobs:umvuthana_mask_faith":7,"minecraft:tnt":1,"youre_seeing_dungeons:essence":64,"youre_seeing_dungeons:loot_token":2,"iceandfire:silver_ingot":2,"minecraft:arrow":18,"minecraft:diamond_chestplate":9,"minetraps:quicksand":7,"minecraft:hay_block":14,"mowziesmobs:umvuthana_mask_bliss":1,"minecraft:gold_ingot":327,"iceandfire:deepslate_silver_ore":3,"minecraft:mutton":5,"iceandfire:armor_black_chestplate":1,"minecraft:white_wool":3,"iceandfire:armor_red_leggings":6,"minecraft:bone_block":18,"minecraft:rail":1,"youre_seeing_dungeons:fake_cracked_chiseled_hideout_block":3,"youre_seeing_dungeons:unnamed_documments":4,"artifacts:digging_claws":18,"minecraft:golden_carrot":3,"iceandfire:sea_serpent_fang":4,"minecraft:smooth_red_sandstone":1,"minecraft:glow_ink_sac":3,"minecraft:tripwire_hook":1,"minecraft:leather":35,"minecraft:cut_sandstone":45,"alexsmobs:acacia_blossom":1,"savage_and_ravage:creeper_spores":6,"minecraft:oak_log":27,"artifacts:superstitious_hat":1,"iceandfire:ectoplasm":1,"minecraft:golden_boots":3,"minecraft:gunpowder":84,"iceandfire:armor_copper_metal_helmet":2,"minecraft:orange_terracotta":5,"minecraft:cooked_mutton":1,"minecraft:smooth_sandstone":13,"minecraft:stone_bricks":13,"mowziesmobs:umvuthana_mask_rage":1,"cataclysm:music_disc_the_leviathan":1,"mowziesmobs:foliaath_seed":1,"alexsmobs:cockroach_wing_fragment":1,"minecraft:iron_ingot":520,"minecraft:stone_pickaxe":4,"minecraft:cobweb":14,"minecraft:cooked_chicken":2,"minecraft:iron_ore":46,"youre_seeing_dungeons:fake_chiseled_hideout_block":21,"minecraft:acacia_sapling":3,"minecraft:polished_andesite_slab":2,"minecraft:iron_sword":1,"iceandfire:fire_dragon_flesh":4,"minecraft:book":36,"iceandfire:copper_nugget":226,"minecraft:pumpkin":1,"iceandfire:ash":5,"minecraft:gravel":8,"minecraft:leather_helmet":3,"minecraft:slime_ball":64,"minecraft:stone_axe":1,"youre_seeing_dungeons:rags":17,"iceandfire:silver_sword":1,"minecraft:chainmail_leggings":3,"minecraft:iron_helmet":3,"minecraft:diamond_axe":5,"mowziesmobs:umvuthana_mask_fear":4,"minecraft:terracotta":3,"minecraft:baked_potato":10,"minecraft:coal":662},"minecraft:broken":{"minecraft:diamond_pickaxe":1,"minecraft:wooden_axe":1,"minecraft:diamond_chestplate":1,"minecraft:iron_axe":1,"minecraft:iron_pickaxe":1,"iceandfire:tide_bronze_helmet":1},"minecraft:mined":{"minecraft:dark_oak_planks":6,"minecraft:cut_sandstone_slab":1,"minecraft:farmland":1,"youre_seeing_dungeons:fake_cracked_chiseled_hideout_block":1,"minecraft:black_terracotta":3,"iceandfire:copper_pile":2,"minecraft:chiseled_red_sandstone":4,"alexsmobs:leafcutter_anthill":3,"minecraft:cobblestone_stairs":1,"minecraft:jungle_leaves":10,"minecraft:orange_stained_glass":2,"mowziesmobs:clawed_log":1,"minecraft:red_sand":5,"minecraft:granite":30,"minecraft:grass_block":6,"minecraft:stripped_crimson_hyphae":1,"minecraft:acacia_log":22,"minecraft:jungle_log":7,"minecraft:polished_diorite":3,"minecraft:mud_bricks":2,"minecraft:spawner":28,"iceandfire:crackled_cobblestone":1,"minecraft:smooth_stone":3,"minecraft:iron_ore":36,"minecraft:fire":1,"minecraft:pumpkin":1,"minecraft:deepslate_lapis_ore":1,"minecraft:brown_bed":2,"minecraft:oak_stairs":1,"minecraft:quartz_slab":1,"minecraft:smooth_sandstone_stairs":7,"ecologics:walnut_log":3,"simpleores:tin_ore":4,"youre_seeing_dungeons:chiseled_hideout_block":9,"minecraft:cut_sandstone":9,"youre_seeing_dungeons:cracked_chiseled_hideout_block":2,"ecologics:pot":5,"minecraft:cyan_terracotta":22,"minecraft:kelp_plant":1,"minecraft:orange_terracotta":3,"minecraft:mud_brick_stairs":2,"minecraft:cobblestone":1,"minecraft:oak_planks":4,"minecraft:sugar_cane":3,"minecraft:smooth_sandstone_slab":17,"minecraft:white_terracotta":7,"youre_seeing_dungeons:fake_chiseled_hideout_block":5,"ecologics:seashell":2,"minecraft:birch_log":2,"simpleores:deepslate_tin_ore":37,"minecraft:tnt":1,"minecraft:stone_brick_stairs":19,"minecraft:grass":22,"minecraft:oak_log":25,"ecologics:azalea_log":2,"minecraft:sand":35,"minecraft:dirt":8,"minecraft:netherrack":1,"minecraft:oak_leaves":32,"minecraft:deepslate":107,"minecraft:diamond_ore":4,"minecraft:tuff":1,"iceandfire:silver_ore":4,"minecraft:deepslate_diamond_ore":3,"minecraft:stripped_mangrove_log":1,"minecraft:purple_terracotta":4,"minecraft:stripped_jungle_wood":1,"minecraft:white_stained_glass":5,"iceandfire:deepslate_silver_ore":3,"alexsmobs:leafcutter_ant_chamber":33,"minecraft:polished_andesite_slab":2,"ecologics:coconut_log":9,"simpleores:deepslate_adamantium_ore":30,"minecraft:sandstone":14,"minecraft:hay_block":14,"minecraft:waxed_oxidized_cut_copper":3,"minecraft:furnace":3,"minecraft:carrots":29,"minecraft:chiseled_sandstone":1,"minecraft:gold_block":1,"minecraft:andesite":74,"minecraft:green_terracotta":14,"minecraft:black_concrete":1,"simpleores:adamantium_ore":3,"minecraft:polished_deepslate":8,"minecraft:bookshelf":6,"minecraft:deepslate_iron_ore":40,"minecraft:vine":2,"minecraft:stone":423,"minecraft:bone_block":21,"minetraps:quicksand":7,"minecraft:orange_glazed_terracotta":5,"minecraft:mud_brick_slab":8,"minecraft:acacia_leaves":2,"minecraft:stone_brick_slab":1,"minecraft:smooth_sandstone":11,"minecraft:crafting_table":2,"ecologics:walnut_leaves":10,"minecraft:copper_ore":26,"minecraft:tall_grass":3,"minecraft:lapis_ore":8,"minecraft:deepslate_gold_ore":12,"minecraft:diorite":21,"minecraft:red_terracotta":3,"minecraft:coarse_dirt":1,"minecraft:cobblestone_wall":1,"simpleores:deepslate_mythril_ore":15,"minecraft:quartz_pillar":2,"simpleores:mythril_ore":7,"minecraft:coal_ore":90,"ecologics:hanging_coconut":3,"minecraft:gravel":9,"minecraft:brown_terracotta":2,"minecraft:cracked_stone_bricks":2,"youre_seeing_dungeons:hideout_loot_box":1,"minecraft:polished_andesite":9,"minecraft:stone_bricks":15,"minecraft:gold_ore":10,"minecraft:chipped_anvil":1,"minecraft:iron_trapdoor":2,"minecraft:fern":3},"minecraft:killed_by":{"difficult_spawners:evil_spirit":1,"minecraft:creeper":1,"iceandfire:sea_serpent":3,"mowziesmobs:umvuthi":2,"minecraft:zombie":1,"minecraft:husk":1,"minecraft:player":3,"minecraft:skeleton":2,"iceandfire:lightning_dragon":11,"iceandfire:ghost":1},"minecraft:custom":{"minecraft:interact_with_crafting_table":52,"minecraft:open_barrel":121,"goblintraders:trade_with_goblin":58,"minecraft:leave_game":6,"minecraft:time_since_death":1908,"minecraft:damage_resisted":4,"minecraft:sprint_one_cm":660527,"minecraft:drop":555,"minecraft:play_time":394968,"minecraft:deaths":29,"minecraft:jump":5999,"minecraft:walk_on_water_one_cm":167364,"minecraft:interact_with_furnace":40,"minecraft:play_record":1,"minecraft:sleep_in_bed":3,"minecraft:damage_dealt":54915,"minecraft:player_kills":3,"minecraft:crouch_one_cm":28451,"minecraft:interact_with_smoker":1,"minecraft:inspect_dispenser":1,"minecraft:interact_with_smithing_table":4,"minecraft:interact_with_anvil":12,"minecraft:mob_kills":256,"minecraft:damage_dealt_resisted":418,"minecraft:climb_one_cm":22961,"minecraft:walk_one_cm":765006,"minecraft:sneak_time":11581,"minecraft:walk_under_water_one_cm":103636,"minecraft:total_world_time":394968,"minecraft:time_since_rest":1922,"minecraft:damage_taken":17317,"minecraft:trigger_trapped_chest":4,"minecraft:swim_one_cm":270617,"minecraft:fly_one_cm":1262592,"minecraft:open_chest":117,"minecraft:fall_one_cm":187094},"minecraft:crafted":{"minecraft:oak_planks":92,"ecologics:walnut_planks":12,"minecraft:cooked_chicken":3,"iceandfire:armor_amythest_leggings":1,"minecraft:cooked_mutton":1,"minecraft:iron_boots":1,"minecraft:chest":2,"simpleores:tin_axe":1,"simpleores:tin_ingot":3,"minecraft:emerald":2,"minecraft:diamond_axe":1,"minecraft:crafting_table":17,"minecraft:wooden_pickaxe":1,"minecraft:iron_helmet":1,"minecraft:smithing_table":2,"minecraft:copper_ingot":52,"minecraft:birch_planks":8,"minecraft:iron_chestplate":2,"minecraft:diamond_pickaxe":1,"minecraft:stick":104,"minecraft:iron_ingot":74,"minecraft:iron_pickaxe":2,"minecraft:iron_block":9,"minecraft:gold_ingot":30,"minecraft:golden_carrot":84,"minecraft:iron_nugget":9,"ecologics:coconut_planks":36,"minecraft:furnace":7,"minecraft:bone_meal":8,"simpleores:mythril_helmet":1,"minecraft:iron_axe":1,"iceandfire:tide_bronze_helmet":1,"iceandfire:armor_red_leggings":1,"minecraft:stone_pickaxe":2,"minecraft:diamond_boots":1,"iceandfire:armor_red_boots":1,"simpleores:adamantium_pickaxe":1,"minecraft:wheat":126,"minecraft:cooked_beef":10,"minecraft:crimson_planks":4,"iceandfire:armor_amythest_boots":1,"minecraft:mangrove_planks":4,"minecraft:stone_axe":1,"minecraft:bread":42,"minecraft:air":0,"minecraft:jungle_planks":60,"minecraft:gold_nugget":675,"minecraft:wooden_axe":1,"minecraft:iron_leggings":1,"minecraft:anvil":3,"minecraft:acacia_planks":48,"minecraft:torch":40,"ecologics:azalea_planks":8},"minecraft:used":{"minecraft:chest":2,"minecraft:iron_chestplate":1,"minecraft:jungle_planks":37,"minecraft:carrot":25,"minecraft:stone_brick_stairs":3,"minecraft:stone_bricks":2,"minecraft:bow":2,"minecraft:oak_sapling":1,"minecraft:furnace":9,"minecraft:potato":1,"minecraft:golden_boots":1,"mowziesmobs:foliaath_seed":2,"minecraft:stone_pickaxe":107,"minecraft:oak_planks":5,"minecraft:wooden_pickaxe":10,"minetraps:quicksand":7,"minecraft:diamond_axe":419,"minecraft:sand":32,"minecraft:acacia_leaves":1,"minecraft:chiseled_sandstone":1,"minecraft:bread":42,"ecologics:coconut_slice":6,"minecraft:coal_block":10,"youre_seeing_dungeons:lockey":2,"minecraft:smithing_table":2,"minecraft:andesite":43,"alexsmobs:leafcutter_ant_chamber":27,"iceandfire:armor_amythest_leggings":1,"simpleores:adamantium_pickaxe":705,"travelersbackpack:bat":3,"minecraft:torch":32,"minecraft:dirt":4,"minecraft:anvil":3,"ecologics:seashell":1,"minecraft:granite":2,"minecraft:wooden_axe":43,"minecraft:chipped_anvil":1,"minecraft:iron_axe":255,"minecraft:jungle_log":1,"iceandfire:armor_red_leggings":1,"minecraft:diamond_chestplate":2,"twilightforest:music_disc_home":1,"minecraft:golden_carrot":66,"ecologics:coconut_boat":1,"minecraft:brown_bed":2,"minecraft:cooked_beef":10,"minecraft:golden_axe":6,"minecraft:cooked_mutton":1,"minecraft:polished_andesite":1,"minecraft:baked_potato":9,"minecraft:waxed_oxidized_cut_copper":1,"ecologics:walnut_sapling":3,"iceandfire:tide_bronze_helmet":1,"minecraft:tnt":1,"minecraft:crafting_table":19,"alexsmobs:leafcutter_ant_pupa":3,"minecraft:diamond_pickaxe":403,"minecraft:iron_pickaxe":446,"minecraft:stone_axe":42,"minecraft:cobblestone":71}},"DataVersion":3120}