{"stats":{"minecraft:picked_up":{"youre_seeing_dungeons:lockey":1,"minecraft:crafting_table":1,"ecologics:walnut":1,"minecraft:cooked_beef":2,"minecraft:leather":5,"minecraft:lead":2,"minecraft:string":14,"minecraft:dirt":211,"minecraft:wheat_seeds":2,"minecraft:beef":3,"youre_seeing_dungeons:fake_chiseled_hideout_block":1,"minecraft:iron_pickaxe":1,"youre_seeing_dungeons:chiseled_hideout_block":65,"minecraft:raw_iron":5,"minecraft:sandstone":13,"minecraft:cooked_porkchop":2,"ecologics:walnut_log":8,"minecraft:acacia_log":5,"iceandfire:silver_ore":2,"youre_seeing_dungeons:cracked_chiseled_hideout_block":23,"minecraft:sand":20,"minecraft:porkchop":7,"shark_mod:shark_tooth":1,"youre_seeing_dungeons:essence":6,"youre_seeing_dungeons:unreal_dagger":1,"minecraft:rotten_flesh":1,"youre_seeing_dungeons:unreal_gold":7,"youre_seeing_dungeons:loot_token":1,"minecraft:stone_axe":2,"alexsmobs:maggot":2,"minecraft:coal":20,"minecraft:cobblestone":129},"minecraft:mined":{"youre_seeing_dungeons:cracked_chiseled_hideout_block":14,"iceandfire:silver_ore":2,"minecraft:crafting_table":1,"minecraft:acacia_log":5,"minecraft:grass_block":203,"ecologics:walnut_leaves":1,"minecraft:sandstone":13,"minecraft:spawner":2,"minecraft:seagrass":1,"youre_seeing_dungeons:fake_chiseled_hideout_block":1,"minecraft:iron_ore":5,"minecraft:grass":12,"minecraft:coal_ore":20,"minecraft:sand":19,"minecraft:dirt":14,"youre_seeing_dungeons:hideout_loot_box":1,"ecologics:walnut_log":4,"minecraft:stone":131,"youre_seeing_dungeons:chiseled_hideout_block":32},"minecraft:crafted":{"minecraft:cooked_beef":2,"minecraft:cooked_porkchop":7,"minecraft:crafting_table":3,"minecraft:wooden_pickaxe":1,"ecologics:walnut_planks":16,"minecraft:furnace":5,"minecraft:stone_axe":1,"minecraft:air":0,"minecraft:stick":20,"minecraft:iron_ingot":5,"minecraft:iron_pickaxe":1,"minecraft:stone_pickaxe":1,"minecraft:wooden_axe":1,"minecraft:chest":1,"minecraft:iron_shovel":1,"minecraft:acacia_planks":20},"minecraft:dropped":{"minecraft:wheat_seeds":2,"minecraft:cobblestone":1,"minecraft:lead":1,"minecraft:wooden_axe":1,"minecraft:wooden_pickaxe":1,"minecraft:iron_shovel":1,"ecologics:walnut_log":4,"shark_mod:shark_tooth":1},"minecraft:custom":{"minecraft:interact_with_furnace":26,"minecraft:mob_kills":14,"minecraft:interact_with_crafting_table":13,"minecraft:leave_game":2,"minecraft:time_since_death":2333,"minecraft:climb_one_cm":1047,"minecraft:time_since_rest":2374,"minecraft:sprint_one_cm":58765,"minecraft:damage_taken":1447,"minecraft:walk_one_cm":92102,"minecraft:drop":9,"minecraft:damage_dealt":2338,"minecraft:swim_one_cm":41428,"minecraft:talked_to_villager":1,"minecraft:fly_one_cm":106526,"minecraft:open_chest":20,"minecraft:crouch_one_cm":23480,"minecraft:play_time":48892,"minecraft:deaths":3,"minecraft:sneak_time":4570,"minecraft:walk_under_water_one_cm":27898,"minecraft:jump":577,"minecraft:walk_on_water_one_cm":12905,"minecraft:total_world_time":48892,"minecraft:fall_one_cm":17206},"minecraft:used":{"youre_seeing_dungeons:chiseled_hideout_block":8,"minecraft:iron_shovel":181,"minecraft:stone_pickaxe":131,"minecraft:chest":1,"minecraft:wooden_pickaxe":32,"minecraft:sandstone":3,"minecraft:dirt":189,"minecraft:sand":20,"minecraft:crafting_table":4,"youre_seeing_dungeons:cracked_chiseled_hideout_block":5,"minecraft:wooden_axe":14,"alexsmobs:maggot":1,"youre_seeing_dungeons:fake_chiseled_hideout_block":1,"minecraft:iron_pickaxe":86,"youre_seeing_dungeons:unreal_dagger":4,"minecraft:stone_axe":19,"minecraft:beef":1,"minecraft:furnace":5,"minecraft:cooked_porkchop":7,"ecologics:walnut":1,"alexsmobs:animal_dictionary":1,"minecraft:cooked_beef":2},"minecraft:killed":{"minecraft:pig":4,"minecraft:wandering_trader":1,"shark_mod:tiger_shark":1,"difficult_spawners:evil_spirit":2,"minecraft:trader_llama":2,"minecraft:drowned":2,"minecraft:cow":2},"minecraft:broken":{"minecraft:stone_pickaxe":1},"minecraft:killed_by":{"shark_mod:tiger_shark":2,"minecraft:drowned":1}},"DataVersion":3120}