{"stats":{"minecraft:dropped":{"minecraft:dark_oak_stairs":2,"minecraft:wheat_seeds":5,"ecologics:music_disc_coconut":1,"youre_seeing_dungeons:chiseled_hideout_block":3,"minecraft:feather":1,"minecraft:cobblestone":1,"minecraft:lead":1,"minecraft:fletching_table":1,"minecraft:yellow_carpet":8,"minecraft:dirt":14,"minecraft:dark_oak_log":1,"gnumus:gnumus_claw":1,"youre_seeing_dungeons:essence":3,"minecraft:wooden_axe":1,"minecraft:melon_slice":2,"minecraft:gold_nugget":2,"minecraft:pumpkin":3,"minecraft:purple_wool":1,"minecraft:iron_shovel":1,"minecraft:dark_oak_planks":1,"minecraft:acacia_planks":1,"ecologics:walnut_log":4,"shark_mod:shark_tooth":1,"simpleores:tin_boots":1,"minecraft:stone_axe":1,"youre_seeing_dungeons:cracked_chiseled_hideout_block":6,"minecraft:iron_nugget":2,"minecraft:rotten_flesh":5,"minecraft:oak_planks":1,"minecraft:stripped_oak_log":1,"minecraft:salmon":2,"minecraft:filled_map":2,"gnumus:gnumus_clay":5,"minecraft:spruce_planks":1,"minecraft:iron_chestplate":1,"minecraft:oak_sapling":2,"minecraft:barrel":3,"minecraft:wooden_pickaxe":1,"iceandfire:sea_serpent_fang":9},"minecraft:crafted":{"minecraft:smooth_stone":27,"minecraft:oak_planks":40,"ecologics:walnut_planks":16,"minecraft:furnace":5,"minecraft:stone":32,"minecraft:iron_boots":1,"minecraft:stone_pickaxe":1,"minecraft:chest":3,"minecraft:cooked_beef":2,"minecraft:crimson_planks":8,"iceandfire:silver_ingot":2,"minecraft:cooked_porkchop":7,"simpleores:mythril_pickaxe":1,"minecraft:crafting_table":5,"minecraft:wooden_pickaxe":1,"minecraft:stone_axe":1,"minecraft:acacia_boat":1,"minecraft:air":0,"minecraft:oak_boat":1,"minecraft:stick":36,"minecraft:iron_ingot":5,"minecraft:iron_pickaxe":1,"minecraft:wooden_axe":1,"minecraft:iron_shovel":1,"simpleores:tin_boots":1,"minecraft:acacia_planks":48,"iceandfire:silver_sword":1,"simpleores:mythril_axe":1},"minecraft:custom":{"minecraft:interact_with_smithing_table":2,"minecraft:mob_kills":35,"minecraft:interact_with_crafting_table":20,"minecraft:open_barrel":20,"minecraft:eat_cake_slice":1,"minecraft:leave_game":5,"minecraft:time_since_death":1804,"minecraft:climb_one_cm":3993,"minecraft:sprint_one_cm":141654,"minecraft:walk_one_cm":181193,"minecraft:drop":99,"minecraft:talked_to_villager":1,"minecraft:play_time":96608,"minecraft:deaths":17,"minecraft:sneak_time":8626,"minecraft:walk_under_water_one_cm":39789,"minecraft:boat_one_cm":163937,"minecraft:jump":1229,"minecraft:walk_on_water_one_cm":26518,"minecraft:total_world_time":96608,"minecraft:interact_with_furnace":55,"minecraft:time_since_rest":1818,"minecraft:damage_taken":6839,"minecraft:damage_dealt":6986,"minecraft:swim_one_cm":81643,"minecraft:fly_one_cm":218301,"minecraft:open_chest":41,"minecraft:crouch_one_cm":32520,"minecraft:interact_with_smoker":1,"minecraft:fall_one_cm":29334},"minecraft:used":{"minecraft:iron_shovel":181,"iceandfire:silver_sword":8,"simpleores:mythril_pickaxe":17,"minecraft:spruce_slab":2,"minecraft:chest":3,"minecraft:cooked_salmon":1,"minecraft:iron_chestplate":7,"minecraft:dirt":197,"minecraft:anvil":1,"youre_seeing_dungeons:cracked_chiseled_hideout_block":5,"minecraft:dark_oak_planks":3,"minecraft:wooden_axe":14,"alexsmobs:maggot":2,"minecraft:dark_oak_slab":1,"minecraft:beef":1,"endrem:black_eye":2,"minecraft:cooked_cod":3,"minecraft:furnace":5,"ecologics:walnut":1,"minecraft:skeleton_skull":1,"minecraft:cooked_beef":2,"minecraft:acacia_planks":11,"youre_seeing_dungeons:chiseled_hideout_block":8,"minecraft:acacia_boat":1,"iceandfire:myrmex_jungle_biolight":1,"simpleores:mythril_axe":197,"minecraft:stone_pickaxe":131,"minecraft:oak_planks":28,"minecraft:wooden_pickaxe":32,"simpleores:tin_boots":1,"minecraft:sandstone":3,"minecraft:salmon":2,"minecraft:sand":20,"minecraft:crafting_table":6,"youre_seeing_dungeons:fake_chiseled_hideout_block":1,"minecraft:bread":2,"minecraft:melon_slice":2,"minecraft:iron_pickaxe":86,"youre_seeing_dungeons:unreal_dagger":4,"iceandfire:myrmex_resin_jungle":1,"minecraft:stone_axe":24,"minecraft:stripped_crimson_hyphae":1,"minecraft:white_banner":1,"minecraft:cooked_porkchop":7,"minecraft:smithing_table":1,"minecraft:oak_boat":1,"alexsmobs:animal_dictionary":1},"minecraft:broken":{"minecraft:stone_pickaxe":1},"minecraft:killed_by":{"minecraft:creeper":1,"minecraft:drowned":2,"iceandfire:sea_serpent":5,"shark_mod:tiger_shark":2,"minecraft:zombie":1,"iceandfire:myrmex_soldier":5},"minecraft:mined":{"minecraft:dark_oak_planks":6,"minecraft:spruce_planks":9,"iceandfire:silver_ore":2,"minecraft:dark_oak_log":1,"minecraft:stripped_crimson_hyphae":3,"minecraft:acacia_log":12,"minecraft:grass_block":203,"minecraft:jungle_planks":1,"minecraft:sandstone":13,"minecraft:spawner":2,"minecraft:hay_block":6,"minecraft:iron_ore":5,"minecraft:fletching_table":1,"minecraft:anvil":1,"minecraft:gold_block":9,"minecraft:dark_oak_stairs":2,"minecraft:vine":1,"ecologics:walnut_log":4,"minecraft:stone":131,"youre_seeing_dungeons:chiseled_hideout_block":32,"minecraft:spruce_slab":2,"minecraft:smithing_table":1,"minecraft:acacia_leaves":1,"youre_seeing_dungeons:cracked_chiseled_hideout_block":14,"ecologics:pot":2,"iceandfire:myrmex_resin_jungle":3,"minecraft:crafting_table":1,"ecologics:walnut_leaves":1,"minecraft:chest":1,"minecraft:campfire":1,"minecraft:sugar_cane":8,"minecraft:oak_planks":12,"minecraft:seagrass":1,"minecraft:jungle_wood":29,"minecraft:purple_wool":1,"minecraft:dark_oak_slab":1,"youre_seeing_dungeons:fake_chiseled_hideout_block":1,"iceandfire:myrmex_jungle_biolight":1,"minecraft:white_wall_banner":1,"minecraft:grass":22,"minecraft:oak_log":26,"minecraft:coal_ore":20,"minecraft:sand":19,"minecraft:dirt":14,"youre_seeing_dungeons:hideout_loot_box":1,"minecraft:emerald_block":4,"minecraft:fern":2},"minecraft:killed":{"minecraft:vindicator":5,"shark_mod:tiger_shark":1,"minecraft:chicken":1,"minecraft:drowned":3,"alexsmobs:skelewag":1,"minecraft:pig":8,"gnumus:big_snout":2,"minecraft:wandering_trader":1,"difficult_spawners:evil_spirit":2,"minecraft:trader_llama":2,"minecraft:pillager":3,"iceandfire:myrmex_soldier":1,"alexsmobs:toucan":1,"minecraft:cow":3},"minecraft:picked_up":{"irons_spellbooks:scroll":4,"minecraft:charcoal":2,"minecraft:crafting_table":1,"minecraft:iron_chestplate":10,"minecraft:purple_wool":4,"minecraft:anvil":1,"minecraft:smithing_table":1,"gnumus:gnumus_claw":2,"minecraft:lead":2,"minecraft:gold_block":9,"iceandfire:myrmex_jungle_chitin":6,"youre_seeing_dungeons:hearth_token":1,"minecraft:string":14,"minecraft:cooked_salmon":6,"irons_spellbooks:arcane_essence":3,"minecraft:gold_nugget":2,"minecraft:spruce_planks":9,"minecraft:beef":4,"minecraft:iron_nugget":2,"minecraft:iron_pickaxe":2,"minecraft:spruce_slab":2,"minecraft:melon_slice":15,"minecraft:sugar_cane":84,"minecraft:chest":5,"alexsmobs:skelewag_sword":1,"minecraft:iron_boots":1,"minecraft:stripped_crimson_hyphae":3,"minecraft:stick":75,"minecraft:raw_iron":5,"minecraft:sandstone":43,"ecologics:walnut_log":8,"simpleores:mythril_ingot":18,"gnumus:juicy_meat":36,"minecraft:acacia_log":12,"iceandfire:silver_ore":2,"youre_seeing_dungeons:cracked_chiseled_hideout_block":35,"minecraft:porkchop":13,"shark_mod:shark_tooth":1,"minecraft:dark_oak_planks":6,"youre_seeing_dungeons:essence":16,"minecraft:arrow":2,"minecraft:rotten_flesh":7,"minecraft:cooked_cod":9,"youre_seeing_dungeons:loot_token":2,"minecraft:hay_block":5,"minecraft:skeleton_skull":1,"minecraft:stripped_oak_log":1,"minecraft:cobblestone":183,"minecraft:nautilus_shell":2,"minecraft:feather":1,"simpleores:mythril_axe":7,"ecologics:walnut":1,"youre_seeing_dungeons:lockey":1,"minecraft:cooked_beef":2,"iceandfire:sea_serpent_fang":9,"minecraft:salmon":2,"minecraft:leather":7,"minecraft:jungle_wood":29,"minecraft:filled_map":5,"minecraft:oak_log":25,"simpleores:mythril_pickaxe":8,"iceandfire:myrmex_resin_jungle":1,"minecraft:dirt":211,"minecraft:white_banner":1,"ecologics:music_disc_coconut":2,"minecraft:acacia_planks":45,"minecraft:wheat_seeds":12,"minecraft:heart_of_the_sea":2,"minecraft:iron_ingot":18,"youre_seeing_dungeons:fake_chiseled_hideout_block":1,"minecraft:fletching_table":1,"minecraft:oak_planks":81,"minecraft:dark_oak_stairs":2,"youre_seeing_dungeons:chiseled_hideout_block":101,"minecraft:dark_oak_slab":1,"endrem:black_eye":5,"minecraft:emerald_block":4,"minecraft:cooked_porkchop":2,"minecraft:pumpkin":3,"alexsmobs:fish_bones":4,"iceandfire:sea_serpent_scales_green":21,"minecraft:jungle_planks":1,"minecraft:sand":20,"minecraft:dark_oak_log":1,"youre_seeing_dungeons:unreal_dagger":3,"minecraft:yellow_carpet":8,"youre_seeing_dungeons:unreal_gold":7,"minecraft:stone_axe":5,"gnumus:gnumus_clay":10,"iceandfire:silver_sword":3,"simpleores:tin_ingot":12,"iceandfire:myrmex_jungle_biolight":1,"minecraft:emerald":1,"alexsmobs:maggot":2,"minecraft:oak_sapling":2,"minecraft:coal":47}},"DataVersion":3120}