{"stats":{"minecraft:picked_up":{"minecraft:crafting_table":1,"youre_seeing_dungeons:chiseled_hideout_block":11,"minecraft:raw_iron":5,"ecologics:walnut":1,"youre_seeing_dungeons:lockey":1,"ecologics:walnut_log":8,"minecraft:leather":2,"minecraft:acacia_log":5,"iceandfire:silver_ore":2,"youre_seeing_dungeons:cracked_chiseled_hideout_block":5,"minecraft:porkchop":7,"minecraft:dirt":38,"youre_seeing_dungeons:essence":3,"youre_seeing_dungeons:unreal_gold":7,"youre_seeing_dungeons:loot_token":1,"minecraft:wheat_seeds":1,"minecraft:beef":3,"alexsmobs:maggot":2,"minecraft:coal":20,"minecraft:cobblestone":111},"minecraft:crafted":{"minecraft:crafting_table":3,"minecraft:stick":8,"minecraft:wooden_pickaxe":1,"ecologics:walnut_planks":16,"minecraft:stone_pickaxe":1,"minecraft:wooden_axe":1,"minecraft:chest":1,"minecraft:furnace":5,"minecraft:acacia_planks":20,"minecraft:stone_axe":1},"minecraft:mined":{"iceandfire:silver_ore":2,"youre_seeing_dungeons:cracked_chiseled_hideout_block":6,"minecraft:iron_ore":5,"minecraft:crafting_table":1,"minecraft:grass":8,"minecraft:acacia_log":5,"minecraft:grass_block":36,"minecraft:coal_ore":20,"ecologics:walnut_leaves":1,"minecraft:dirt":3,"youre_seeing_dungeons:hideout_loot_box":1,"ecologics:walnut_log":4,"minecraft:stone":113,"youre_seeing_dungeons:chiseled_hideout_block":12},"minecraft:dropped":{"minecraft:wheat_seeds":1,"minecraft:wooden_axe":1,"minecraft:wooden_pickaxe":1,"ecologics:walnut_log":4},"minecraft:custom":{"minecraft:interact_with_furnace":15,"minecraft:time_since_rest":27469,"minecraft:sprint_one_cm":27077,"minecraft:damage_taken":167,"minecraft:walk_one_cm":49359,"minecraft:mob_kills":8,"minecraft:drop":4,"minecraft:damage_dealt":1245,"minecraft:talked_to_villager":1,"minecraft:swim_one_cm":3812,"minecraft:interact_with_crafting_table":10,"minecraft:fly_one_cm":68629,"minecraft:open_chest":10,"minecraft:crouch_one_cm":4958,"minecraft:play_time":27469,"minecraft:sneak_time":1094,"minecraft:walk_under_water_one_cm":10390,"minecraft:jump":362,"minecraft:leave_game":1,"minecraft:time_since_death":27469,"minecraft:walk_on_water_one_cm":6517,"minecraft:total_world_time":27469,"minecraft:fall_one_cm":12165},"minecraft:used":{"youre_seeing_dungeons:chiseled_hideout_block":8,"minecraft:wooden_axe":14,"alexsmobs:maggot":1,"minecraft:stone_pickaxe":131,"minecraft:wooden_pickaxe":32,"minecraft:chest":1,"youre_seeing_dungeons:unreal_dagger":4,"minecraft:stone_axe":6,"minecraft:dirt":38,"minecraft:beef":1,"minecraft:crafting_table":4,"minecraft:furnace":5,"youre_seeing_dungeons:cracked_chiseled_hideout_block":5,"ecologics:walnut":1,"alexsmobs:animal_dictionary":1},"minecraft:killed":{"minecraft:pig":4,"minecraft:drowned":1,"minecraft:wandering_trader":1,"minecraft:cow":2},"minecraft:broken":{"minecraft:stone_pickaxe":1}},"DataVersion":3120}