{"stats":{"minecraft:broken":{"minecraft:stone_pickaxe":1},"minecraft:dropped":{"minecraft:dark_oak_stairs":2,"ecologics:music_disc_coconut":1,"youre_seeing_dungeons:chiseled_hideout_block":3,"minecraft:jungle_planks":6,"minecraft:fletching_table":1,"gnumus:mouse_skin":4,"minecraft:redstone_lamp":1,"minecraft:dirt":16,"minecraft:dark_oak_log":1,"gnumus:gnumus_claw":20,"minecraft:gold_nugget":2,"minecraft:purple_wool":1,"minecraft:dark_oak_planks":1,"minecraft:honeycomb_block":2,"minecraft:stone_axe":1,"youre_seeing_dungeons:cracked_chiseled_hideout_block":6,"minecraft:iron_nugget":2,"minecraft:rotten_flesh":9,"minecraft:oak_planks":4,"minecraft:salmon":2,"gnumus:gnumus_doubloons":31,"minecraft:rabbit_hide":1,"iceandfire:pixie_dust":2,"minecraft:brown_candle":2,"minecraft:painting":2,"minecraft:arrow":4,"minecraft:glass":1,"minecraft:wheat_seeds":8,"minecraft:mossy_cobblestone":4,"minecraft:oak_fence":1,"minecraft:feather":1,"minecraft:cobblestone":1,"minecraft:lead":1,"minecraft:granite":1,"minecraft:yellow_carpet":8,"minecraft:polished_andesite":13,"minecraft:diorite":6,"youre_seeing_dungeons:essence":4,"minecraft:wooden_axe":1,"minecraft:melon_slice":2,"minecraft:pumpkin":3,"minecraft:smooth_stone":4,"minecraft:iron_shovel":1,"minecraft:paper":1,"minecraft:string":2,"ecologics:walnut_log":4,"minecraft:acacia_planks":8,"shark_mod:shark_tooth":1,"minecraft:polished_deepslate":11,"simpleores:tin_boots":1,"minecraft:green_terracotta":31,"minecraft:polished_diorite_slab":3,"minecraft:stripped_oak_log":1,"minecraft:filled_map":2,"minecraft:shroomlight":3,"gnumus:gnumus_clay":5,"minecraft:spruce_planks":1,"minecraft:iron_chestplate":1,"gnumus:gnumus_chickpeas":2,"minecraft:oak_sapling":2,"minecraft:stone_bricks":1,"minecraft:barrel":3,"gnumus:gnumus_cheese":3,"minecraft:wooden_pickaxe":1,"iceandfire:sea_serpent_fang":9},"minecraft:killed_by":{"iceandfire:cyclops":2,"difficult_spawners:evil_spirit":1,"minecraft:creeper":1,"gnumus:gnumus_merchant":1,"minecraft:drowned":2,"iceandfire:sea_serpent":5,"minecraft:zombie":2,"iceandfire:myrmex_soldier":5,"minecraft:player":2,"shark_mod:tiger_shark":2},"minecraft:picked_up":{"irons_spellbooks:scroll":4,"minecraft:iron_chestplate":15,"minecraft:anvil":1,"minecraft:smithing_table":1,"gnumus:gnumus_claw":21,"minecraft:lead":2,"iceandfire:myrmex_jungle_chitin":12,"youre_seeing_dungeons:weapon_master_spell":1,"minecraft:polished_deepslate":11,"iceandfire:manuscript":28,"minecraft:string":16,"minecraft:cooked_salmon":6,"minecraft:shroomlight":6,"irons_spellbooks:arcane_essence":3,"minecraft:gold_nugget":2,"minecraft:smooth_stone":4,"minecraft:spruce_planks":9,"gnumus:packaged_goods":13,"minecraft:iron_pickaxe":2,"minecraft:melon_slice":15,"minecraft:iron_boots":4,"iceandfire:pixie_dust":2,"minecraft:stick":75,"ecologics:walnut_log":8,"simpleores:mythril_ingot":18,"minecraft:oak_fence":2,"minecraft:acacia_log":12,"youre_seeing_dungeons:melon_heart_item":1,"minecraft:green_bed":7,"iceandfire:silver_ore":2,"minecraft:porkchop":31,"minecraft:honeycomb_block":4,"minecraft:diorite":6,"extermination:scrap_metal":4,"gnumus:grilled_juicy_meat":2,"minecraft:green_terracotta":31,"minecraft:rotten_flesh":11,"minecraft:iron_block":1,"gnumus:gnumus_chickpeas":2,"youre_seeing_dungeons:ancient_monument":2,"minecraft:cobblestone":203,"minecraft:nautilus_shell":2,"minecraft:enchanting_table":1,"youre_seeing_dungeons:lockey":1,"gnumus:gnumus_doubloons":40,"ecologics:walnut":1,"minecraft:polished_diorite_slab":3,"minecraft:feather":1,"minecraft:cooked_beef":2,"minecraft:jungle_wood":130,"minecraft:dirt":213,"minecraft:lantern":1,"minecraft:brown_candle":2,"gnumus:gnumus_pouch_2":43,"minecraft:glass":1,"minecraft:bone":11,"ecologics:music_disc_coconut":2,"minecraft:acacia_planks":45,"minecraft:wheat_seeds":18,"youre_seeing_dungeons:amulet_of_undeads_chestplate":1,"minecraft:fletching_table":1,"minecraft:oak_planks":81,"youre_seeing_dungeons:chiseled_hideout_block":101,"minecraft:cooked_porkchop":2,"youre_seeing_dungeons:piercer_of_gods":1,"youre_seeing_dungeons:mucus_item":3,"minecraft:jungle_planks":1,"minecraft:sand":21,"minecraft:dark_oak_log":80,"minecraft:mossy_cobblestone":4,"man:tearoftheman":1,"minecraft:polished_andesite":13,"minecraft:yellow_carpet":8,"youre_seeing_dungeons:unreal_gold":7,"gnumus:gnumus_clay":27,"minecraft:granite":1,"iceandfire:myrmex_jungle_biolight":1,"minecraft:emerald":15,"minecraft:bread":89,"alexsmobs:maggot":2,"minecraft:oak_sapling":2,"minecraft:charcoal":60,"minecraft:crafting_table":1,"minecraft:purple_wool":4,"minecraft:redstone_lamp":1,"minecraft:gold_block":9,"youre_seeing_dungeons:hearth_token":1,"minecraft:cartography_table":1,"minecraft:beef":40,"minecraft:iron_nugget":2,"minecraft:spruce_slab":2,"minecraft:chest":8,"minecraft:sugar_cane":167,"alexsmobs:skelewag_sword":1,"minecraft:stripped_crimson_hyphae":3,"minecraft:raw_iron":7,"minecraft:sandstone":43,"gnumus:juicy_meat":63,"youre_seeing_dungeons:cracked_chiseled_hideout_block":35,"shark_mod:shark_tooth":1,"minecraft:carrot":4,"minecraft:dark_oak_planks":44,"youre_seeing_dungeons:essence":35,"minecraft:diamond_chestplate":4,"minecraft:arrow":6,"minecraft:cooked_cod":9,"youre_seeing_dungeons:loot_token":9,"minecraft:hay_block":31,"minecraft:gold_ingot":28,"gnumus:gnumus_pouch_3":1,"gnumus:mouse_skin":4,"minecraft:mutton":114,"minecraft:white_wool":32,"minecraft:skeleton_skull":1,"minecraft:bone_block":116,"minecraft:stripped_oak_log":1,"youre_seeing_dungeons:dark_crystal":2,"simpleores:mythril_axe":13,"iceandfire:sea_serpent_fang":9,"minecraft:salmon":2,"minecraft:leather":44,"gnumus:gnumus_pouch":33,"minecraft:filled_map":5,"minecraft:oak_log":33,"simpleores:mythril_pickaxe":13,"minecraft:gunpowder":2,"iceandfire:myrmex_resin_jungle":1,"minecraft:paper":3,"minecraft:white_banner":1,"minecraft:cooked_mutton":46,"minecraft:apple":4,"minecraft:stone_bricks":1,"minecraft:rabbit_hide":1,"minecraft:heart_of_the_sea":2,"minecraft:iron_ingot":100,"youre_seeing_dungeons:fake_chiseled_hideout_block":1,"minecraft:dark_oak_stairs":2,"minecraft:book":30,"youre_seeing_dungeons:heal_spell":1,"endrem:black_eye":5,"minecraft:dark_oak_slab":1,"minecraft:emerald_block":4,"minecraft:pumpkin":3,"alexsmobs:fish_bones":4,"iceandfire:sea_serpent_scales_green":21,"minecraft:dripstone_block":3,"gnumus:gnumus_cheese":5,"youre_seeing_dungeons:unreal_dagger":3,"minecraft:stone_axe":5,"iceandfire:silver_sword":3,"simpleores:tin_ingot":12,"minecraft:painting":2,"youre_seeing_dungeons:fire_spell_tier_2":1,"minecraft:coal":54},"minecraft:crafted":{"minecraft:smooth_stone":30,"minecraft:oak_planks":40,"ecologics:walnut_planks":16,"minecraft:stone":32,"minecraft:cooked_mutton":23,"minecraft:iron_boots":1,"minecraft:chest":7,"minecraft:cooked_porkchop":7,"minecraft:crafting_table":8,"minecraft:jungle_boat":3,"minecraft:wooden_pickaxe":1,"minecraft:stick":36,"minecraft:iron_ingot":5,"minecraft:iron_pickaxe":1,"iceandfire:silver_sword":1,"simpleores:mythril_axe":1,"minecraft:furnace":5,"minecraft:stone_pickaxe":1,"minecraft:dark_oak_planks":112,"minecraft:wheat":99,"minecraft:cooked_beef":13,"minecraft:crimson_planks":8,"iceandfire:silver_ingot":2,"simpleores:mythril_pickaxe":1,"minecraft:stone_axe":1,"minecraft:acacia_boat":1,"minecraft:bread":33,"minecraft:air":0,"minecraft:jungle_planks":36,"minecraft:oak_boat":1,"minecraft:wooden_axe":1,"minecraft:iron_shovel":1,"simpleores:tin_boots":1,"minecraft:acacia_planks":48},"minecraft:custom":{"minecraft:interact_with_crafting_table":35,"minecraft:open_barrel":39,"minecraft:bell_ring":2,"minecraft:eat_cake_slice":1,"minecraft:leave_game":5,"minecraft:time_since_death":861,"minecraft:sprint_one_cm":400583,"minecraft:drop":193,"minecraft:talked_to_villager":5,"minecraft:play_time":165098,"minecraft:deaths":24,"minecraft:jump":2223,"minecraft:walk_on_water_one_cm":35963,"minecraft:interact_with_furnace":72,"minecraft:interact_with_cartography_table":1,"minecraft:sleep_in_bed":4,"minecraft:damage_dealt":18295,"minecraft:crouch_one_cm":44487,"minecraft:interact_with_smoker":1,"minecraft:interact_with_smithing_table":2,"minecraft:mob_kills":101,"minecraft:climb_one_cm":5423,"minecraft:walk_one_cm":362066,"minecraft:sneak_time":12567,"minecraft:walk_under_water_one_cm":44256,"minecraft:boat_one_cm":251519,"minecraft:total_world_time":165098,"minecraft:time_since_rest":901,"minecraft:damage_taken":11259,"minecraft:swim_one_cm":93132,"minecraft:fly_one_cm":433573,"minecraft:open_chest":113,"minecraft:fall_one_cm":58488},"minecraft:used":{"minecraft:iron_shovel":181,"simpleores:mythril_pickaxe":159,"minecraft:spruce_slab":2,"minecraft:bone_block":5,"minecraft:chest":4,"minecraft:iron_chestplate":8,"youre_seeing_dungeons:cracked_chiseled_hideout_block":5,"minecraft:dark_oak_slab":1,"endrem:black_eye":2,"minecraft:cooked_cod":3,"minecraft:furnace":5,"minecraft:skeleton_skull":1,"gnumus:grilled_juicy_meat":1,"minecraft:stone_pickaxe":131,"minecraft:oak_planks":28,"minecraft:wooden_pickaxe":32,"simpleores:tin_boots":1,"minecraft:sandstone":3,"minecraft:jungle_boat":3,"minecraft:white_wool":1,"minecraft:sand":20,"minecraft:dark_oak_log":5,"minecraft:melon_slice":2,"minecraft:bread":35,"youre_seeing_dungeons:unreal_dagger":4,"iceandfire:myrmex_resin_jungle":1,"minecraft:smithing_table":1,"minecraft:oak_boat":1,"iceandfire:silver_sword":8,"minecraft:spruce_planks":10,"youre_seeing_dungeons:ancient_monument":1,"minecraft:cooked_salmon":1,"minecraft:dirt":197,"minecraft:anvil":1,"minecraft:dark_oak_planks":79,"minecraft:wooden_axe":14,"alexsmobs:maggot":2,"minecraft:iron_boots":2,"minecraft:diamond_chestplate":2,"minecraft:beef":1,"ecologics:walnut":1,"minecraft:cooked_beef":2,"minecraft:acacia_planks":11,"youre_seeing_dungeons:chiseled_hideout_block":8,"minecraft:acacia_boat":1,"iceandfire:myrmex_jungle_biolight":1,"simpleores:mythril_axe":511,"minecraft:cartography_table":1,"minecraft:green_bed":4,"minecraft:salmon":2,"minecraft:crafting_table":9,"gnumus:gnumus_cheese":1,"minecraft:apple":2,"youre_seeing_dungeons:fake_chiseled_hideout_block":1,"minecraft:iron_pickaxe":86,"youre_seeing_dungeons:mucus_item":1,"minecraft:stone_axe":24,"minecraft:cobblestone":16,"minecraft:stripped_crimson_hyphae":1,"minecraft:white_banner":1,"minecraft:cooked_porkchop":7,"alexsmobs:animal_dictionary":1},"minecraft:killed":{"extermination:tripod_body_mossy":2,"minecraft:bee":2,"minecraft:chicken":1,"gnumus:pitcher_mousse":2,"alexsmobs:skelewag":1,"minecraft:pig":16,"gnumus:gnumus_shaman":1,"gnumus:big_snout":4,"minecraft:sheep":5,"minecraft:trader_llama":2,"minecraft:pillager":3,"minecraft:zombie":3,"alexsmobs:toucan":1,"minecraft:cow":18,"gnumus:pitcher_mouse_pac":1,"minecraft:vindicator":5,"shark_mod:tiger_shark":1,"gnumus:gnumus_worker":6,"gnumus:gnumus_hunter":1,"minecraft:drowned":3,"gnumus:gnumus_hunter_not_dispawn":10,"minecraft:wandering_trader":1,"gnumus:gnumus_merchant":3,"difficult_spawners:evil_spirit":4,"iceandfire:myrmex_soldier":1},"minecraft:mined":{"minecraft:dark_oak_planks":7,"minecraft:spruce_planks":9,"minecraft:granite":1,"minecraft:stripped_crimson_hyphae":3,"minecraft:acacia_log":12,"minecraft:grass_block":204,"minecraft:spawner":5,"minecraft:smooth_stone":4,"minecraft:iron_ore":5,"minecraft:fletching_table":1,"minecraft:anvil":1,"minecraft:dark_oak_stairs":2,"minecraft:enchanting_table":1,"ecologics:walnut_log":4,"youre_seeing_dungeons:chiseled_hideout_block":32,"minecraft:spruce_slab":2,"minecraft:green_bed":4,"youre_seeing_dungeons:cracked_chiseled_hideout_block":14,"ecologics:pot":2,"iceandfire:myrmex_resin_jungle":3,"minecraft:chest":1,"minecraft:polished_diorite_slab":3,"minecraft:honeycomb_block":3,"minecraft:sugar_cane":11,"minecraft:oak_planks":12,"minecraft:seagrass":1,"minecraft:jungle_wood":34,"minecraft:dark_oak_slab":1,"youre_seeing_dungeons:fake_chiseled_hideout_block":1,"minecraft:grass":28,"minecraft:oak_log":26,"minecraft:sand":20,"minecraft:dirt":15,"minecraft:brown_candle":1,"minecraft:emerald_block":4,"iceandfire:silver_ore":2,"minecraft:mossy_cobblestone":5,"minecraft:dark_oak_leaves":4,"minecraft:dark_oak_log":44,"minecraft:ladder":1,"youre_seeing_dungeons:despair_brick_lootbox":1,"minecraft:jungle_planks":1,"minecraft:cartography_table":1,"minecraft:moss_block":1,"minecraft:sandstone":13,"youre_seeing_dungeons:ancient_monument":2,"minecraft:hay_block":23,"minecraft:black_stained_glass_pane":2,"minecraft:green_terracotta":33,"minecraft:gold_block":9,"minecraft:polished_deepslate":11,"minecraft:bookshelf":5,"minecraft:shroomlight":3,"minecraft:vine":2,"gnumus:fragile_gnumus_jug":17,"minecraft:stone":149,"minecraft:bone_block":26,"minecraft:smithing_table":1,"minecraft:acacia_leaves":1,"minecraft:oak_fence":1,"minecraft:crafting_table":1,"ecologics:walnut_leaves":1,"minecraft:campfire":12,"minecraft:tall_grass":1,"minecraft:diorite":6,"minecraft:purple_wool":1,"iceandfire:myrmex_jungle_biolight":1,"minecraft:white_wall_banner":1,"minecraft:coal_ore":20,"youre_seeing_dungeons:hideout_loot_box":1,"minecraft:polished_andesite":13,"minecraft:stone_bricks":1,"minecraft:fern":2}},"DataVersion":3120}