{"stats":{"minecraft:picked_up":{"youre_seeing_dungeons:chiseled_hideout_block":11,"ecologics:walnut":1,"youre_seeing_dungeons:lockey":1,"ecologics:walnut_log":8,"minecraft:leather":2,"minecraft:acacia_log":5,"youre_seeing_dungeons:cracked_chiseled_hideout_block":5,"minecraft:porkchop":7,"minecraft:dirt":37,"youre_seeing_dungeons:essence":3,"youre_seeing_dungeons:loot_token":1,"youre_seeing_dungeons:unreal_gold":7,"minecraft:wheat_seeds":1,"minecraft:beef":3,"minecraft:cobblestone":8},"minecraft:crafted":{"minecraft:crafting_table":3,"minecraft:stick":8,"minecraft:wooden_pickaxe":1,"ecologics:walnut_planks":16,"minecraft:stone_pickaxe":1,"minecraft:wooden_axe":1,"minecraft:chest":1,"minecraft:acacia_planks":20,"minecraft:stone_axe":1},"minecraft:mined":{"youre_seeing_dungeons:cracked_chiseled_hideout_block":6,"minecraft:grass":8,"minecraft:acacia_log":5,"minecraft:grass_block":36,"ecologics:walnut_leaves":1,"minecraft:dirt":2,"youre_seeing_dungeons:hideout_loot_box":1,"ecologics:walnut_log":4,"minecraft:stone":10,"youre_seeing_dungeons:chiseled_hideout_block":12},"minecraft:dropped":{"minecraft:wheat_seeds":1,"minecraft:wooden_axe":1,"minecraft:wooden_pickaxe":1,"ecologics:walnut_log":4},"minecraft:custom":{"minecraft:time_since_rest":22012,"minecraft:sprint_one_cm":25859,"minecraft:damage_taken":137,"minecraft:walk_one_cm":37384,"minecraft:mob_kills":7,"minecraft:drop":4,"minecraft:damage_dealt":865,"minecraft:swim_one_cm":1661,"minecraft:interact_with_crafting_table":9,"minecraft:fly_one_cm":68137,"minecraft:open_chest":5,"minecraft:crouch_one_cm":4159,"minecraft:play_time":22012,"minecraft:sneak_time":941,"minecraft:walk_under_water_one_cm":6935,"minecraft:jump":336,"minecraft:leave_game":1,"minecraft:walk_on_water_one_cm":3045,"minecraft:time_since_death":22012,"minecraft:total_world_time":22012,"minecraft:fall_one_cm":11747},"minecraft:used":{"youre_seeing_dungeons:chiseled_hideout_block":8,"minecraft:wooden_axe":14,"minecraft:chest":1,"minecraft:wooden_pickaxe":32,"youre_seeing_dungeons:unreal_dagger":4,"minecraft:stone_axe":2,"minecraft:dirt":37,"minecraft:beef":1,"minecraft:crafting_table":3,"youre_seeing_dungeons:cracked_chiseled_hideout_block":5,"ecologics:walnut":1},"minecraft:killed":{"minecraft:pig":4,"minecraft:drowned":1,"minecraft:cow":2}},"DataVersion":3120}