{"stats":{"minecraft:picked_up":{"irons_spellbooks:scroll":2,"youre_seeing_dungeons:gloomy_bone":8,"youre_seeing_dungeons:dark_crystal":8,"minecraft:crafting_table":2,"youre_seeing_dungeons:lockey":4,"youre_seeing_dungeons:unnamed_documments":3,"minecraft:cut_sandstone":3,"minecraft:leather":2,"youre_seeing_dungeons:magic_rags":8,"minecraft:wooden_pickaxe":1,"minecraft:enchanted_book":2,"youre_seeing_dungeons:weapon_master_spell":4,"minecraft:smooth_sandstone_stairs":4,"minecraft:gunpowder":7,"minecraft:cut_sandstone_slab":2,"travelersbackpack:gold_tier_upgrade":3,"minecraft:dirt":13,"minecraft:string":18,"youre_seeing_dungeons:despair_block_cracked":1,"man:cassette_1safetyinstructions":2,"minecraft:smooth_sandstone":7,"minecraft:bone":34,"youre_seeing_dungeons:dark_essence":12,"youre_seeing_dungeons:amulet_base":5,"irons_spellbooks:arcane_essence":18,"minecraft:wheat_seeds":1,"minecraft:gold_nugget":11,"youre_seeing_dungeons:magic_paper":4,"minecraft:iron_ingot":10,"minecraft:beef":12,"minecraft:stone_pickaxe":3,"minecraft:iron_nugget":6,"iceandfire:dragonbone":9,"youre_seeing_dungeons:chiseled_hideout_block":20,"artifacts:universal_attractor":1,"minecraft:sandstone":8,"youre_seeing_dungeons:heal_spell":6,"endrem:old_eye":3,"minecraft:acacia_log":5,"youre_seeing_dungeons:mucus_item":16,"youre_seeing_dungeons:fire_spell":2,"youre_seeing_dungeons:cracked_chiseled_hideout_block":4,"iceandfire:dragon_skull_fire":1,"minecraft:sand":25,"minecraft:carrot":1,"minecraft:diamond":3,"minecraft:chiseled_sandstone":1,"minecraft:spider_eye":4,"alexsmobs:animal_dictionary":3,"minecraft:cut_red_sandstone":3,"minecraft:smooth_sandstone_slab":4,"youre_seeing_dungeons:essence":83,"minecraft:stone_sword":3,"youre_seeing_dungeons:unreal_dagger":2,"minecraft:rotten_flesh":54,"youre_seeing_dungeons:loot_token":16,"youre_seeing_dungeons:unreal_gold":24,"minecraft:stone_axe":3,"youre_seeing_dungeons:rags":8,"minecraft:hay_block":17,"minecraft:gold_ingot":10,"minecraft:golden_apple":1,"minecraft:bread":81,"minecraft:emerald":15,"youre_seeing_dungeons:ancient_monument":2,"minecraft:cobblestone":34,"youre_seeing_dungeons:ancient_pebble":4},"minecraft:crafted":{"minecraft:crafting_table":1,"minecraft:wooden_pickaxe":1,"minecraft:stone_axe":1,"minecraft:bread":51,"minecraft:stick":8,"minecraft:stone_pickaxe":1,"minecraft:stone_sword":1,"minecraft:acacia_planks":20,"minecraft:wheat":153},"minecraft:mined":{"minecraft:cut_sandstone":4,"minecraft:cut_sandstone_slab":2,"minecraft:stone_pressure_plate":1,"youre_seeing_dungeons:cracked_chiseled_hideout_block":3,"ecologics:pot":10,"minecraft:smooth_sandstone":8,"minecraft:crafting_table":1,"youre_seeing_dungeons:despair_brick_lootbox":1,"minecraft:acacia_log":5,"minecraft:grass_block":3,"iceandfire:fire_lily":1,"minecraft:sandstone":11,"youre_seeing_dungeons:despair_block_cracked":1,"minecraft:smooth_sandstone_slab":4,"minecraft:spawner":1,"youre_seeing_dungeons:ancient_monument":1,"minecraft:hay_block":17,"minecraft:chiseled_sandstone":1,"minecraft:grass":3,"youre_seeing_dungeons:maze_block_loot_box":1,"minecraft:vine":4,"minecraft:sand":10,"minecraft:dirt":10,"minecraft:cobweb":4,"minecraft:smooth_sandstone_stairs":5,"minecraft:cut_red_sandstone":3,"youre_seeing_dungeons:hideout_loot_box":2,"minecraft:stone_bricks":1,"minecraft:stone":37,"minecraft:tripwire":1,"youre_seeing_dungeons:chiseled_hideout_block":22},"minecraft:custom":{"minecraft:mob_kills":25,"minecraft:interact_with_crafting_table":8,"minecraft:open_barrel":4,"minecraft:leave_game":1,"minecraft:time_since_death":2807,"minecraft:sleep_in_bed":1,"minecraft:climb_one_cm":4295,"minecraft:time_since_rest":2815,"minecraft:damage_taken":1750,"minecraft:sprint_one_cm":80446,"minecraft:walk_one_cm":94027,"minecraft:drop":31,"minecraft:damage_dealt":5029,"minecraft:swim_one_cm":11334,"minecraft:fly_one_cm":142232,"minecraft:open_chest":17,"minecraft:crouch_one_cm":2423,"minecraft:play_time":63978,"minecraft:deaths":3,"minecraft:sneak_time":805,"minecraft:walk_under_water_one_cm":616,"minecraft:jump":720,"minecraft:walk_on_water_one_cm":1464,"minecraft:total_world_time":63978,"minecraft:fall_one_cm":21318},"minecraft:dropped":{"minecraft:stone_axe":1,"minecraft:wheat_seeds":1,"youre_seeing_dungeons:cracked_chiseled_hideout_block":4,"minecraft:iron_nugget":4,"youre_seeing_dungeons:despair_block_cracked":1,"minecraft:stone_sword":1,"youre_seeing_dungeons:chiseled_hideout_block":20,"youre_seeing_dungeons:amulet_base":1,"youre_seeing_dungeons:unreal_dagger":2,"minecraft:smooth_sandstone_stairs":2,"minecraft:rotten_flesh":2,"man:cassette_1safetyinstructions":1,"minecraft:leather":1,"minecraft:cut_red_sandstone":2,"minecraft:dirt":5,"minecraft:gunpowder":4,"minecraft:cut_sandstone":3,"youre_seeing_dungeons:ancient_monument":1,"minecraft:smooth_sandstone_slab":3,"minecraft:gold_nugget":7,"minecraft:spider_eye":4,"minecraft:sand":9,"minecraft:stone_pickaxe":1,"minecraft:wooden_pickaxe":1,"minecraft:chiseled_sandstone":1},"minecraft:used":{"minecraft:stone_sword":112,"minecraft:stone_pickaxe":123,"minecraft:wooden_pickaxe":4,"minecraft:sandstone":8,"minecraft:smooth_sandstone_stairs":1,"minecraft:dirt":8,"minecraft:sand":15,"minecraft:cut_sandstone_slab":2,"minecraft:crafting_table":2,"minecraft:string":1,"minecraft:bread":19,"minecraft:smooth_sandstone":7,"youre_seeing_dungeons:unreal_dagger":8,"minecraft:stone_axe":19,"alexsmobs:animal_dictionary":2,"minecraft:acacia_planks":1},"minecraft:killed":{"minecraft:husk":17,"minecraft:skeleton":1,"minecraft:zombie":5,"minecraft:cow":1},"minecraft:killed_by":{"minecraft:husk":2,"difficult_spawners:evil_spirit":1}},"DataVersion":3120}