{"stats":{"minecraft:picked_up":{"irons_spellbooks:scroll":6,"minecraft:crafting_table":2,"youre_seeing_dungeons:magic_rags":12,"minecraft:wooden_pickaxe":1,"minecraft:enchanted_book":9,"youre_seeing_dungeons:weapon_master_spell":6,"minecraft:string":19,"minecraft:iron_leggings":2,"minecraft:iron_shovel":1,"irons_spellbooks:arcane_essence":30,"minecraft:gold_nugget":11,"minecraft:beef":18,"minecraft:iron_nugget":6,"minecraft:enchanted_golden_apple":4,"minecraft:stick":4,"artifacts:universal_attractor":3,"minecraft:sandstone":8,"iceandfire:dragonbone":27,"minecraft:acacia_log":5,"youre_seeing_dungeons:cracked_chiseled_hideout_block":4,"minecraft:carrot":1,"minecraft:smooth_sandstone_slab":4,"youre_seeing_dungeons:essence":131,"minecraft:stone_sword":3,"minecraft:rotten_flesh":54,"youre_seeing_dungeons:loot_token":24,"minecraft:hay_block":17,"minecraft:mangrove_roots":2,"minecraft:gold_ingot":60,"youre_seeing_dungeons:ancient_monument":2,"minecraft:cobblestone":60,"youre_seeing_dungeons:ancient_pebble":6,"youre_seeing_dungeons:gloomy_bone":16,"youre_seeing_dungeons:dark_crystal":12,"youre_seeing_dungeons:lockey":6,"youre_seeing_dungeons:unnamed_documments":3,"minecraft:cut_sandstone":4,"minecraft:leather":2,"minecraft:smooth_sandstone_stairs":5,"minecraft:gunpowder":8,"travelersbackpack:gold_tier_upgrade":5,"minecraft:dirt":13,"minecraft:cut_sandstone_slab":2,"man:cassette_1safetyinstructions":2,"youre_seeing_dungeons:despair_block_cracked":1,"irons_spellbooks:common_ink":4,"minecraft:smooth_sandstone":7,"minecraft:bone":56,"youre_seeing_dungeons:dark_essence":18,"minecraft:acacia_planks":8,"youre_seeing_dungeons:amulet_base":7,"minecraft:wheat_seeds":3,"youre_seeing_dungeons:magic_paper":6,"minecraft:iron_ingot":27,"minecraft:stone_pickaxe":3,"youre_seeing_dungeons:chiseled_hideout_block":20,"youre_seeing_dungeons:heal_spell":10,"endrem:old_eye":5,"youre_seeing_dungeons:mucus_item":24,"youre_seeing_dungeons:fire_spell":4,"iceandfire:dragon_skull_fire":3,"minecraft:sand":25,"minecraft:chiseled_sandstone":1,"minecraft:spider_eye":4,"alexsmobs:animal_dictionary":4,"minecraft:cut_red_sandstone":3,"youre_seeing_dungeons:unreal_dagger":2,"youre_seeing_dungeons:unreal_gold":36,"minecraft:diamond":13,"minecraft:stone_axe":3,"youre_seeing_dungeons:rags":12,"minecraft:golden_apple":3,"minecraft:emerald":33,"minecraft:bread":135,"minecraft:mangrove_propagule":1},"minecraft:crafted":{"minecraft:iron_boots":1,"minecraft:iron_axe":1,"minecraft:stone_pickaxe":1,"minecraft:wheat":153,"minecraft:crafting_table":1,"minecraft:wooden_pickaxe":1,"minecraft:iron_helmet":1,"minecraft:stone_axe":1,"minecraft:bread":51,"minecraft:air":0,"minecraft:stick":8,"minecraft:iron_ingot":6,"minecraft:stone_sword":1,"minecraft:acacia_planks":20,"minecraft:diamond_chestplate":1},"minecraft:mined":{"minecraft:cut_sandstone_slab":2,"minecraft:stone_pressure_plate":1,"minecraft:mangrove_roots":2,"youre_seeing_dungeons:despair_brick_lootbox":1,"minecraft:acacia_log":5,"minecraft:grass_block":3,"minecraft:sandstone":11,"minecraft:spawner":1,"youre_seeing_dungeons:ancient_monument":1,"minecraft:hay_block":17,"minecraft:chiseled_sandstone":1,"minecraft:vine":4,"minecraft:smooth_sandstone_stairs":6,"minecraft:stone":37,"youre_seeing_dungeons:chiseled_hideout_block":22,"minecraft:tripwire":1,"minecraft:cut_sandstone":5,"youre_seeing_dungeons:cracked_chiseled_hideout_block":3,"ecologics:pot":10,"minecraft:smooth_sandstone":8,"minecraft:crafting_table":1,"minecraft:dead_bush":2,"iceandfire:fire_lily":1,"youre_seeing_dungeons:despair_block_cracked":1,"minecraft:smooth_sandstone_slab":4,"minecraft:mangrove_leaves":1,"minecraft:grass":4,"youre_seeing_dungeons:maze_block_loot_box":1,"minecraft:sand":10,"minecraft:dirt":10,"minecraft:cobweb":4,"youre_seeing_dungeons:hideout_loot_box":2,"minecraft:cut_red_sandstone":3,"minecraft:stone_bricks":1},"minecraft:custom":{"minecraft:mob_kills":25,"minecraft:interact_with_crafting_table":15,"minecraft:open_barrel":4,"minecraft:leave_game":2,"minecraft:time_since_death":14437,"minecraft:climb_one_cm":4771,"minecraft:sprint_one_cm":131764,"minecraft:walk_one_cm":122024,"minecraft:drop":42,"minecraft:play_time":86556,"minecraft:deaths":5,"minecraft:sneak_time":880,"minecraft:walk_under_water_one_cm":4255,"minecraft:jump":1267,"minecraft:walk_on_water_one_cm":9553,"minecraft:total_world_time":86556,"minecraft:interact_with_furnace":5,"minecraft:sleep_in_bed":1,"minecraft:time_since_rest":14464,"minecraft:damage_taken":2790,"minecraft:damage_dealt":5060,"minecraft:swim_one_cm":39908,"minecraft:fly_one_cm":264647,"minecraft:open_chest":32,"minecraft:crouch_one_cm":2640,"minecraft:fall_one_cm":42017},"minecraft:dropped":{"minecraft:enchanted_book":1,"minecraft:iron_ingot":1,"minecraft:wheat_seeds":1,"youre_seeing_dungeons:chiseled_hideout_block":20,"youre_seeing_dungeons:unreal_dagger":2,"minecraft:mangrove_propagule":1,"minecraft:iron_helmet":1,"man:cassette_1safetyinstructions":1,"minecraft:leather":1,"minecraft:stick":2,"minecraft:dirt":5,"minecraft:cut_sandstone":4,"minecraft:gold_nugget":7,"minecraft:smooth_sandstone_slab":3,"minecraft:sand":9,"minecraft:string":1,"minecraft:acacia_planks":8,"minecraft:chiseled_sandstone":1,"minecraft:stone_axe":1,"youre_seeing_dungeons:cracked_chiseled_hideout_block":4,"minecraft:mangrove_roots":2,"minecraft:iron_nugget":4,"youre_seeing_dungeons:despair_block_cracked":1,"minecraft:stone_sword":1,"youre_seeing_dungeons:amulet_base":1,"minecraft:smooth_sandstone_stairs":3,"minecraft:rotten_flesh":2,"minecraft:cut_red_sandstone":2,"minecraft:gunpowder":5,"youre_seeing_dungeons:ancient_monument":1,"minecraft:spider_eye":4,"minecraft:wooden_pickaxe":1,"minecraft:stone_pickaxe":1},"minecraft:used":{"minecraft:stone_sword":112,"minecraft:smooth_sandstone_stairs":1,"minecraft:dirt":8,"minecraft:smooth_sandstone":7,"minecraft:iron_helmet":1,"minecraft:acacia_planks":1,"minecraft:iron_leggings":1,"minecraft:stone_pickaxe":123,"minecraft:wooden_pickaxe":4,"minecraft:sandstone":8,"minecraft:sand":15,"minecraft:cut_sandstone_slab":2,"minecraft:crafting_table":2,"minecraft:bread":29,"minecraft:string":1,"minecraft:iron_pickaxe":4,"youre_seeing_dungeons:unreal_dagger":8,"minecraft:stone_axe":19,"alexsmobs:animal_dictionary":2},"minecraft:killed":{"minecraft:skeleton":1,"minecraft:husk":17,"minecraft:zombie":5,"minecraft:cow":1},"minecraft:killed_by":{"minecraft:husk":2,"iceandfire:deathworm":2,"difficult_spawners:evil_spirit":1}},"DataVersion":3120}