{"stats":{"minecraft:picked_up":{"youre_seeing_dungeons:dark_crystal":4,"minecraft:crafting_table":2,"youre_seeing_dungeons:lockey":2,"youre_seeing_dungeons:unnamed_documments":1,"minecraft:leather":2,"youre_seeing_dungeons:magic_rags":4,"minecraft:wooden_pickaxe":1,"youre_seeing_dungeons:weapon_master_spell":2,"minecraft:gunpowder":3,"travelersbackpack:gold_tier_upgrade":1,"minecraft:dirt":13,"minecraft:string":6,"youre_seeing_dungeons:despair_block_cracked":1,"man:cassette_1safetyinstructions":1,"minecraft:bone":12,"youre_seeing_dungeons:dark_essence":6,"youre_seeing_dungeons:amulet_base":2,"irons_spellbooks:arcane_essence":6,"minecraft:wheat_seeds":1,"minecraft:gold_nugget":10,"minecraft:beef":6,"minecraft:stone_pickaxe":1,"minecraft:iron_nugget":6,"youre_seeing_dungeons:chiseled_hideout_block":20,"youre_seeing_dungeons:heal_spell":2,"endrem:old_eye":1,"minecraft:acacia_log":5,"youre_seeing_dungeons:mucus_item":8,"youre_seeing_dungeons:cracked_chiseled_hideout_block":4,"minecraft:sand":4,"minecraft:spider_eye":3,"alexsmobs:animal_dictionary":1,"youre_seeing_dungeons:essence":34,"minecraft:stone_sword":1,"youre_seeing_dungeons:unreal_dagger":2,"minecraft:rotten_flesh":4,"youre_seeing_dungeons:loot_token":8,"youre_seeing_dungeons:unreal_gold":12,"minecraft:stone_axe":1,"youre_seeing_dungeons:rags":4,"minecraft:hay_block":17,"minecraft:emerald":3,"youre_seeing_dungeons:ancient_monument":2,"minecraft:cobblestone":34,"youre_seeing_dungeons:ancient_pebble":2},"minecraft:crafted":{"minecraft:crafting_table":1,"minecraft:wooden_pickaxe":1,"minecraft:stone_axe":1,"minecraft:bread":51,"minecraft:stick":8,"minecraft:stone_pickaxe":1,"minecraft:stone_sword":1,"minecraft:acacia_planks":20,"minecraft:wheat":153},"minecraft:mined":{"youre_seeing_dungeons:cracked_chiseled_hideout_block":3,"ecologics:pot":10,"minecraft:crafting_table":1,"youre_seeing_dungeons:despair_brick_lootbox":1,"minecraft:acacia_log":5,"minecraft:grass_block":3,"iceandfire:fire_lily":1,"youre_seeing_dungeons:despair_block_cracked":1,"minecraft:spawner":1,"youre_seeing_dungeons:ancient_monument":1,"minecraft:hay_block":17,"minecraft:grass":3,"minecraft:vine":2,"minecraft:dirt":10,"minecraft:cobweb":1,"youre_seeing_dungeons:hideout_loot_box":2,"minecraft:stone":37,"youre_seeing_dungeons:chiseled_hideout_block":22},"minecraft:dropped":{"minecraft:wheat_seeds":1,"youre_seeing_dungeons:cracked_chiseled_hideout_block":4,"minecraft:iron_nugget":4,"youre_seeing_dungeons:despair_block_cracked":1,"youre_seeing_dungeons:chiseled_hideout_block":20,"youre_seeing_dungeons:unreal_dagger":2,"minecraft:rotten_flesh":2,"minecraft:leather":1,"minecraft:dirt":5,"youre_seeing_dungeons:ancient_monument":1,"minecraft:gold_nugget":6,"minecraft:spider_eye":3,"minecraft:sand":4,"minecraft:wooden_pickaxe":1},"minecraft:custom":{"minecraft:mob_kills":4,"minecraft:interact_with_crafting_table":8,"minecraft:open_barrel":4,"minecraft:leave_game":1,"minecraft:time_since_death":5497,"minecraft:climb_one_cm":3584,"minecraft:time_since_rest":5545,"minecraft:damage_taken":490,"minecraft:sprint_one_cm":40584,"minecraft:walk_one_cm":33635,"minecraft:drop":15,"minecraft:damage_dealt":709,"minecraft:swim_one_cm":7435,"minecraft:fly_one_cm":93509,"minecraft:open_chest":4,"minecraft:crouch_one_cm":1592,"minecraft:play_time":51978,"minecraft:deaths":1,"minecraft:sneak_time":639,"minecraft:walk_under_water_one_cm":360,"minecraft:jump":429,"minecraft:walk_on_water_one_cm":729,"minecraft:total_world_time":51978,"minecraft:fall_one_cm":14976},"minecraft:used":{"minecraft:stone_sword":7,"minecraft:stone_pickaxe":80,"minecraft:wooden_pickaxe":4,"minecraft:dirt":8,"minecraft:crafting_table":2,"minecraft:bread":4,"youre_seeing_dungeons:unreal_dagger":8,"minecraft:stone_axe":17,"alexsmobs:animal_dictionary":2,"minecraft:acacia_planks":1},"minecraft:killed":{"minecraft:skeleton":1,"minecraft:zombie":1,"minecraft:cow":1},"minecraft:killed_by":{"difficult_spawners:evil_spirit":1}},"DataVersion":3120}