{"stats":{"minecraft:picked_up":{"irons_spellbooks:scroll":14,"minecraft:crafting_table":2,"gnumus:gnumus_claw":4,"youre_seeing_dungeons:magic_rags":12,"minecraft:wooden_pickaxe":1,"minecraft:enchanted_book":9,"youre_seeing_dungeons:weapon_master_spell":6,"minecraft:string":23,"minecraft:iron_axe":4,"minecraft:cooked_salmon":3,"minecraft:iron_leggings":5,"minecraft:iron_shovel":5,"irons_spellbooks:arcane_essence":33,"minecraft:gold_nugget":11,"minecraft:cobbled_deepslate":56,"simpleores:raw_adamantium":3,"minecraft:beef":18,"simpleores:raw_tin":14,"minecraft:iron_nugget":6,"minecraft:iron_pickaxe":4,"minecraft:enchanted_golden_apple":4,"minecraft:iron_boots":4,"artifacts:universal_attractor":7,"minecraft:stick":4,"minecraft:raw_iron":10,"minecraft:sandstone":16,"iceandfire:dragonbone":27,"simpleores:mythril_ingot":12,"gnumus:juicy_meat":2,"minecraft:acacia_log":5,"youre_seeing_dungeons:cracked_chiseled_hideout_block":16,"minecraft:carrot":1,"iceandfire:deathworm_egg_giant":2,"minecraft:smooth_sandstone_slab":4,"arclight:cryorium_gem":2,"youre_seeing_dungeons:essence":149,"minecraft:stone_sword":3,"minecraft:rotten_flesh":58,"minecraft:diamond_chestplate":4,"youre_seeing_dungeons:loot_token":28,"minecraft:hay_block":17,"gnumus:gnumus_chickpeas":5,"minecraft:mangrove_roots":2,"minecraft:gold_ingot":72,"gnumus:mouse_skin":4,"youre_seeing_dungeons:ancient_monument":2,"youre_seeing_dungeons:despair_dimension_epitaph":5,"minecraft:cobblestone":60,"youre_seeing_dungeons:ancient_pebble":6,"minecraft:stripped_oak_log":1,"youre_seeing_dungeons:gloomy_bone":16,"youre_seeing_dungeons:dark_crystal":12,"gnumus:gnumus_doubloons":5,"youre_seeing_dungeons:lockey":6,"youre_seeing_dungeons:unnamed_documments":3,"minecraft:glow_ink_sac":45,"minecraft:andesite":5,"minecraft:cut_sandstone":4,"minecraft:leather":2,"gnumus:gnumus_pouch":1,"minecraft:filled_map":3,"minecraft:tuff":16,"minecraft:smooth_sandstone_stairs":5,"minecraft:oak_log":18,"arclight:arclight_gem":8,"minecraft:gunpowder":8,"travelersbackpack:gold_tier_upgrade":5,"minecraft:lapis_lazuli":12,"minecraft:dirt":13,"minecraft:cut_sandstone_slab":2,"man:cassette_1safetyinstructions":2,"youre_seeing_dungeons:despair_block_cracked":1,"gnumus:gnumus_pouch_2":1,"arclight:bloodstone_gem":6,"irons_spellbooks:common_ink":4,"minecraft:smooth_sandstone":15,"simpleores:raw_mythril":2,"minecraft:bone":56,"ecologics:music_disc_coconut":2,"youre_seeing_dungeons:dark_essence":18,"minecraft:acacia_planks":8,"youre_seeing_dungeons:amulet_base":7,"minecraft:wheat_seeds":4,"youre_seeing_dungeons:magic_paper":6,"minecraft:heart_of_the_sea":2,"minecraft:iron_ingot":45,"youre_seeing_dungeons:despair_block":22,"minecraft:stone_pickaxe":3,"minecraft:moss_block":5,"youre_seeing_dungeons:chiseled_hideout_block":38,"endrem:black_eye":2,"youre_seeing_dungeons:heal_spell":10,"endrem:old_eye":5,"youre_seeing_dungeons:mucus_item":24,"youre_seeing_dungeons:fire_spell":4,"iceandfire:dragon_skull_fire":3,"minecraft:sand":35,"minecraft:blast_furnace":4,"minecraft:chiseled_sandstone":1,"minecraft:spider_eye":4,"alexsmobs:animal_dictionary":4,"minecraft:cut_red_sandstone":3,"youre_seeing_dungeons:unreal_dagger":3,"youre_seeing_dungeons:unreal_gold":36,"minecraft:diamond":19,"artifacts:crystal_heart":4,"minecraft:stone_axe":4,"gnumus:gnumus_clay":5,"youre_seeing_dungeons:rags":12,"simpleores:tin_ingot":10,"minecraft:iron_helmet":4,"minecraft:granite":4,"minecraft:golden_apple":11,"minecraft:emerald":33,"minecraft:bread":191,"minecraft:oak_sapling":1,"minecraft:mangrove_propagule":1,"minecraft:coal":9},"minecraft:crafted":{"minecraft:oak_planks":72,"minecraft:iron_boots":1,"minecraft:iron_axe":1,"minecraft:stone_pickaxe":1,"minecraft:chest":2,"minecraft:wheat":153,"minecraft:crafting_table":2,"minecraft:wooden_pickaxe":1,"minecraft:iron_helmet":1,"minecraft:stone_axe":1,"minecraft:bread":51,"minecraft:air":0,"minecraft:diamond_pickaxe":1,"minecraft:stick":12,"minecraft:iron_ingot":6,"minecraft:stone_sword":1,"minecraft:acacia_planks":20,"minecraft:diamond_chestplate":1},"minecraft:mined":{"minecraft:tuff":4,"minecraft:cut_sandstone_slab":2,"minecraft:stone_pressure_plate":1,"arclight:deepslate_arclight_ore":8,"minecraft:deepslate_diamond_ore":1,"arclight:deepslate_cryorium_ore":2,"minecraft:mangrove_roots":2,"minecraft:granite":1,"youre_seeing_dungeons:despair_brick_lootbox":1,"minecraft:acacia_log":5,"minecraft:grass_block":3,"simpleores:deepslate_adamantium_ore":3,"minecraft:moss_block":1,"minecraft:sandstone":13,"minecraft:spawner":1,"youre_seeing_dungeons:ancient_monument":1,"minecraft:hay_block":17,"minecraft:iron_ore":2,"minecraft:chiseled_sandstone":1,"minecraft:andesite":1,"minecraft:vine":4,"minecraft:stripped_oak_log":1,"minecraft:smooth_sandstone_stairs":6,"minecraft:stone":37,"youre_seeing_dungeons:chiseled_hideout_block":22,"minecraft:tripwire":1,"minecraft:cut_sandstone":5,"youre_seeing_dungeons:cracked_chiseled_hideout_block":3,"ecologics:pot":10,"minecraft:smooth_sandstone":10,"minecraft:crafting_table":1,"minecraft:blast_furnace":1,"minecraft:dead_bush":2,"iceandfire:fire_lily":1,"youre_seeing_dungeons:despair_block_cracked":1,"minecraft:smooth_sandstone_slab":4,"youre_seeing_dungeons:despair_block":8,"simpleores:deepslate_mythril_ore":2,"simpleores:deepslate_tin_ore":8,"minecraft:mangrove_leaves":1,"minecraft:grass":4,"minecraft:oak_log":18,"youre_seeing_dungeons:maze_block_loot_box":1,"minecraft:sand":15,"minecraft:dirt":10,"minecraft:cobweb":4,"youre_seeing_dungeons:hideout_loot_box":2,"minecraft:stone_bricks":1,"minecraft:cut_red_sandstone":3,"arclight:deepslate_bloodstone_ore":6,"minecraft:deepslate":20,"geode:lapis_cluster":1},"minecraft:custom":{"minecraft:mob_kills":31,"minecraft:interact_with_crafting_table":20,"minecraft:open_barrel":8,"minecraft:leave_game":3,"minecraft:time_since_death":5851,"minecraft:climb_one_cm":4771,"minecraft:sprint_one_cm":253600,"minecraft:walk_one_cm":195090,"minecraft:drop":77,"minecraft:play_time":115681,"minecraft:sneak_time":1520,"minecraft:deaths":9,"minecraft:walk_under_water_one_cm":9229,"minecraft:jump":1838,"minecraft:interact_with_blast_furnace":1,"minecraft:walk_on_water_one_cm":23708,"minecraft:total_world_time":115681,"minecraft:interact_with_furnace":5,"minecraft:sleep_in_bed":2,"minecraft:time_since_rest":5903,"minecraft:damage_absorbed":1761,"minecraft:damage_taken":4856,"minecraft:damage_dealt":6580,"minecraft:swim_one_cm":52402,"minecraft:fly_one_cm":403595,"minecraft:open_chest":39,"minecraft:crouch_one_cm":5217,"minecraft:fall_one_cm":59517},"minecraft:dropped":{"minecraft:enchanted_book":1,"minecraft:iron_ingot":1,"minecraft:wheat_seeds":2,"ecologics:music_disc_coconut":2,"youre_seeing_dungeons:chiseled_hideout_block":38,"youre_seeing_dungeons:unreal_dagger":3,"minecraft:mangrove_propagule":1,"minecraft:iron_helmet":1,"man:cassette_1safetyinstructions":1,"minecraft:leather":1,"gnumus:mouse_skin":4,"minecraft:coal":9,"minecraft:stick":2,"irons_spellbooks:scroll":3,"minecraft:dirt":5,"gnumus:gnumus_claw":4,"youre_seeing_dungeons:essence":1,"minecraft:cut_sandstone":4,"minecraft:cooked_salmon":3,"minecraft:gold_nugget":7,"minecraft:heart_of_the_sea":2,"minecraft:smooth_sandstone_slab":3,"minecraft:sand":9,"minecraft:iron_pickaxe":1,"minecraft:string":1,"minecraft:acacia_planks":8,"minecraft:chiseled_sandstone":1,"minecraft:stone_axe":2,"minecraft:mangrove_roots":2,"youre_seeing_dungeons:cracked_chiseled_hideout_block":16,"minecraft:iron_nugget":4,"youre_seeing_dungeons:despair_block_cracked":1,"minecraft:stone_sword":1,"youre_seeing_dungeons:amulet_base":1,"minecraft:smooth_sandstone_stairs":3,"minecraft:rotten_flesh":2,"minecraft:stripped_oak_log":1,"minecraft:cut_red_sandstone":2,"minecraft:filled_map":3,"gnumus:gnumus_doubloons":5,"gnumus:gnumus_clay":5,"minecraft:gunpowder":5,"gnumus:juicy_meat":2,"gnumus:gnumus_chickpeas":5,"minecraft:oak_sapling":1,"youre_seeing_dungeons:ancient_monument":1,"simpleores:tin_ingot":4,"minecraft:spider_eye":4,"simpleores:mythril_ingot":12,"minecraft:stone_pickaxe":1,"minecraft:wooden_pickaxe":1,"endrem:black_eye":2},"minecraft:used":{"minecraft:moss_block":1,"minecraft:stone_sword":112,"minecraft:iron_shovel":4,"minecraft:chest":2,"minecraft:smooth_sandstone_stairs":1,"minecraft:dirt":8,"minecraft:iron_axe":39,"minecraft:smooth_sandstone":7,"minecraft:iron_helmet":1,"minecraft:cobbled_deepslate":3,"minecraft:acacia_planks":1,"minecraft:iron_leggings":2,"minecraft:stone_pickaxe":123,"minecraft:wooden_pickaxe":4,"minecraft:sandstone":8,"minecraft:sand":15,"minecraft:cut_sandstone_slab":2,"minecraft:crafting_table":3,"minecraft:diamond_pickaxe":38,"minecraft:bread":38,"minecraft:string":1,"minecraft:iron_pickaxe":42,"youre_seeing_dungeons:unreal_dagger":8,"minecraft:stone_axe":19,"alexsmobs:animal_dictionary":2},"minecraft:killed":{"minecraft:spider":1,"minecraft:skeleton":1,"gnumus:gnumus_hunter":1,"minecraft:drowned":1,"iceandfire:deathworm":1,"artifacts:mimic":1,"minecraft:husk":17,"minecraft:zombie":6,"minecraft:cow":1},"minecraft:killed_by":{"minecraft:husk":2,"iceandfire:deathworm":4,"difficult_spawners:evil_spirit":1,"minecraft:zombie":1}},"DataVersion":3120}