{"stats":{"minecraft:broken":{"minecraft:iron_leggings":1},"minecraft:dropped":{"youre_seeing_dungeons:despair_dimension_epitaph":1,"ecologics:music_disc_coconut":2,"youre_seeing_dungeons:chiseled_hideout_block":38,"minecraft:leather":1,"minecraft:rail":2,"gnumus:mouse_skin":4,"minecraft:dirt":5,"gnumus:gnumus_claw":4,"minecraft:cut_sandstone":4,"minecraft:gold_nugget":9,"minecraft:sand":9,"minecraft:iron_pickaxe":1,"minecraft:stone_axe":2,"youre_seeing_dungeons:cracked_chiseled_hideout_block":16,"minecraft:mangrove_roots":2,"minecraft:iron_nugget":4,"minecraft:cobbled_deepslate":2,"minecraft:wheat":6,"minecraft:smooth_sandstone_stairs":3,"minecraft:rotten_flesh":6,"minecraft:oak_planks":56,"alexsmobs:kangaroo_hide":14,"gnumus:gnumus_doubloons":5,"minecraft:poppy":3,"minecraft:leather_chestplate":1,"minecraft:deepslate_tiles":6,"minecraft:gunpowder":5,"gnumus:juicy_meat":2,"youre_seeing_dungeons:ancient_monument":1,"simpleores:mythril_ingot":12,"minecraft:arrow":4,"endrem:black_eye":2,"minecraft:enchanted_book":2,"minecraft:iron_ingot":1,"minecraft:wheat_seeds":2,"youre_seeing_dungeons:unreal_dagger":3,"minecraft:mangrove_propagule":1,"minecraft:iron_helmet":1,"man:cassette_1safetyinstructions":1,"minecraft:granite":2,"minecraft:coal":9,"minecraft:stick":5,"irons_spellbooks:scroll":3,"minecraft:gray_wool":1,"youre_seeing_dungeons:essence":1,"minecraft:cooked_salmon":3,"minecraft:map":1,"minecraft:iron_leggings":1,"minecraft:heart_of_the_sea":2,"minecraft:smooth_sandstone_slab":3,"minecraft:string":3,"minecraft:smooth_sandstone":4,"minecraft:acacia_planks":8,"minecraft:chiseled_sandstone":1,"youre_seeing_dungeons:despair_block_cracked":1,"minecraft:stone_sword":1,"youre_seeing_dungeons:amulet_base":1,"minecraft:tuff":7,"minecraft:stripped_oak_log":1,"minecraft:cut_red_sandstone":2,"minecraft:filled_map":3,"minecraft:hay_block":17,"gnumus:gnumus_clay":5,"alexsmobs:cockroach_wing_fragment":2,"minecraft:andesite":2,"gnumus:gnumus_chickpeas":5,"minecraft:oak_sapling":1,"simpleores:tin_ingot":8,"minecraft:stone_pressure_plate":1,"minecraft:spider_eye":4,"minecraft:sandstone":2,"minecraft:stone_pickaxe":1,"minecraft:wooden_pickaxe":1},"minecraft:killed_by":{"difficult_spawners:evil_spirit":1,"minecraft:zombie":1,"minecraft:husk":2,"iceandfire:deathworm":4,"minecraft:skeleton":10},"minecraft:picked_up":{"irons_spellbooks:scroll":23,"minecraft:wheat":7,"gnumus:gnumus_claw":4,"minecraft:enchanted_book":10,"youre_seeing_dungeons:weapon_master_spell":6,"minecraft:string":31,"minecraft:cooked_salmon":3,"minecraft:iron_leggings":5,"irons_spellbooks:arcane_essence":33,"minecraft:deepslate_tiles":14,"minecraft:gold_nugget":13,"minecraft:cobbled_deepslate":62,"simpleores:raw_tin":126,"iceandfire:myrmex_desert_resin":5,"minecraft:smooth_quartz":1,"minecraft:iron_pickaxe":4,"minecraft:enchanted_golden_apple":4,"minecraft:furnace":2,"minecraft:iron_boots":8,"minecraft:stick":8,"artifacts:universal_attractor":14,"youre_seeing_dungeons:gloomy_shard":3,"simpleores:mythril_ingot":12,"minecraft:acacia_log":5,"minecraft:stone_sword":11,"minecraft:rotten_flesh":76,"gnumus:gnumus_chickpeas":5,"iceandfire:myrmex_desert_chitin":3,"minecraft:mangrove_roots":2,"youre_seeing_dungeons:ancient_monument":2,"youre_seeing_dungeons:despair_dimension_epitaph":14,"minecraft:cobblestone":81,"youre_seeing_dungeons:gloomy_bone":20,"youre_seeing_dungeons:lockey":6,"gnumus:gnumus_doubloons":5,"minecraft:leather_chestplate":1,"minecraft:andesite":11,"minecraft:smoker":2,"minecraft:chiseled_quartz_block":1,"minecraft:tuff":30,"minecraft:smooth_sandstone_stairs":5,"arclight:arclight_gem":84,"travelersbackpack:gold_tier_upgrade":5,"minecraft:gray_concrete":1,"minecraft:lapis_lazuli":24,"minecraft:dirt":13,"minecraft:cut_sandstone_slab":2,"youre_seeing_dungeons:despair_block_cracked":1,"gnumus:gnumus_pouch_2":1,"minecraft:leather_boots":4,"minecraft:bone":135,"simpleores:raw_mythril":16,"ecologics:music_disc_coconut":2,"youre_seeing_dungeons:dark_essence":18,"minecraft:acacia_planks":8,"youre_seeing_dungeons:amulet_base":7,"minecraft:wheat_seeds":4,"minecraft:raw_gold":18,"minecraft:moss_block":5,"minecraft:oak_planks":80,"youre_seeing_dungeons:chiseled_hideout_block":38,"youre_seeing_dungeons:mucus_item":24,"iceandfire:dragon_skull_fire":3,"minecraft:sand":37,"minecraft:chiseled_sandstone":1,"alexsmobs:animal_dictionary":4,"minecraft:light_gray_concrete":2,"alexsmobs:kangaroo_hide":14,"youre_seeing_dungeons:unreal_gold":36,"minecraft:diamond":25,"artifacts:crystal_heart":6,"gnumus:gnumus_clay":5,"minecraft:granite":12,"alexsmobs:tarantula_hawk_wing_fragment":2,"minecraft:golden_apple":36,"minecraft:emerald":33,"minecraft:bread":269,"minecraft:oak_sapling":1,"minecraft:diamond_pickaxe":4,"minecraft:crafting_table":2,"minecraft:leather_leggings":6,"youre_seeing_dungeons:magic_rags":12,"minecraft:wooden_pickaxe":1,"minecraft:shield":1,"minecraft:iron_axe":12,"minecraft:iron_shovel":7,"minecraft:cracked_stone_bricks":1,"simpleores:raw_adamantium":40,"minecraft:beef":18,"minecraft:iron_nugget":6,"minecraft:poppy":3,"iceandfire:dragonbone":27,"minecraft:raw_iron":10,"minecraft:sandstone":16,"gnumus:juicy_meat":2,"youre_seeing_dungeons:cracked_chiseled_hideout_block":16,"minecraft:carrot":1,"iceandfire:deathworm_egg_giant":2,"minecraft:stone_pressure_plate":1,"minecraft:smooth_sandstone_slab":4,"youre_seeing_dungeons:essence":181,"minecraft:arrow":106,"minecraft:diamond_chestplate":12,"youre_seeing_dungeons:loot_token":28,"arclight:cryorium_gem":16,"minecraft:hay_block":115,"minecraft:gold_ingot":144,"gnumus:mouse_skin":4,"minecraft:mutton":11,"minecraft:white_wool":3,"alexsmobs:kangaroo_meat":14,"minecraft:rail":8,"youre_seeing_dungeons:ancient_pebble":6,"minecraft:stripped_oak_log":1,"youre_seeing_dungeons:dark_crystal":12,"youre_seeing_dungeons:unnamed_documments":3,"minecraft:glow_ink_sac":81,"minecraft:cut_sandstone":4,"minecraft:leather":2,"minecraft:filled_map":3,"gnumus:gnumus_pouch":1,"minecraft:oak_log":20,"minecraft:gunpowder":8,"man:cassette_1safetyinstructions":2,"minecraft:orange_terracotta":1,"arclight:bloodstone_gem":54,"irons_spellbooks:common_ink":4,"minecraft:smooth_sandstone":21,"alexsmobs:cockroach_wing_fragment":2,"youre_seeing_dungeons:magic_paper":8,"minecraft:heart_of_the_sea":2,"minecraft:iron_ingot":94,"youre_seeing_dungeons:despair_block":35,"minecraft:stone_pickaxe":3,"minecraft:iron_sword":1,"artifacts:obsidian_skull":2,"endrem:old_eye":5,"youre_seeing_dungeons:heal_spell":11,"endrem:black_eye":2,"youre_seeing_dungeons:fire_spell":5,"minecraft:blast_furnace":11,"minecraft:spider_eye":4,"minecraft:cut_red_sandstone":3,"youre_seeing_dungeons:unreal_dagger":3,"minecraft:stone_axe":4,"youre_seeing_dungeons:rags":12,"simpleores:tin_ingot":10,"minecraft:iron_helmet":10,"minecraft:gray_wool":1,"minecraft:mangrove_propagule":1,"minecraft:coal":23},"minecraft:crafted":{"minecraft:oak_planks":80,"minecraft:cooked_mutton":6,"minecraft:iron_boots":1,"minecraft:diamond_leggings":1,"minecraft:chest":2,"minecraft:crafting_table":4,"minecraft:wooden_pickaxe":1,"minecraft:iron_helmet":1,"minecraft:diamond_pickaxe":1,"minecraft:shield":1,"minecraft:stick":16,"minecraft:iron_ingot":10,"minecraft:stone_sword":1,"minecraft:iron_axe":1,"minecraft:stone_pickaxe":1,"minecraft:wheat":344,"minecraft:iron_sword":1,"minecraft:stone_axe":1,"minecraft:bread":115,"minecraft:air":0,"minecraft:iron_leggings":1,"minecraft:acacia_planks":20,"minecraft:diamond_chestplate":1},"minecraft:custom":{"minecraft:interact_with_crafting_table":31,"minecraft:open_barrel":12,"goblintraders:trade_with_goblin":2,"minecraft:leave_game":5,"minecraft:time_since_death":106112,"minecraft:sprint_one_cm":465208,"minecraft:damage_blocked_by_shield":375,"minecraft:drop":121,"minecraft:talked_to_villager":1,"minecraft:play_time":238635,"minecraft:deaths":19,"minecraft:jump":3086,"minecraft:walk_on_water_one_cm":30268,"minecraft:interact_with_furnace":6,"minecraft:sleep_in_bed":5,"minecraft:damage_dealt":12580,"minecraft:player_kills":2,"minecraft:crouch_one_cm":7973,"minecraft:interact_with_smoker":3,"minecraft:mob_kills":69,"minecraft:damage_dealt_resisted":287,"minecraft:climb_one_cm":13161,"minecraft:walk_one_cm":343394,"minecraft:damage_dealt_absorbed":10,"minecraft:sneak_time":2042,"minecraft:walk_under_water_one_cm":12832,"minecraft:interact_with_blast_furnace":4,"minecraft:total_world_time":238635,"minecraft:interact_with_grindstone":1,"minecraft:time_since_rest":10894,"minecraft:damage_taken":8515,"minecraft:damage_absorbed":1841,"minecraft:swim_one_cm":70909,"minecraft:fly_one_cm":638823,"minecraft:open_chest":75,"minecraft:fall_one_cm":92909},"minecraft:used":{"minecraft:moss_block":1,"minecraft:iron_shovel":4,"youre_seeing_dungeons:despair_block":9,"minecraft:chest":2,"minecraft:shield":9,"minecraft:iron_sword":64,"minecraft:smooth_sandstone_stairs":1,"minecraft:tuff":5,"minecraft:iron_helmet":1,"minecraft:stone_pickaxe":123,"minecraft:oak_planks":2,"minecraft:wooden_pickaxe":4,"minecraft:sandstone":8,"minecraft:golden_apple":2,"minecraft:sand":17,"minecraft:cut_sandstone_slab":2,"minecraft:blast_furnace":1,"simpleores:mythril_bow":24,"minecraft:bread":51,"minecraft:string":1,"youre_seeing_dungeons:unreal_dagger":8,"minecraft:stone_sword":122,"minecraft:dirt":8,"minecraft:granite":4,"minecraft:iron_axe":77,"minecraft:smooth_sandstone":9,"minecraft:diamond_chestplate":1,"minecraft:acacia_planks":1,"minecraft:cobbled_deepslate":23,"minecraft:iron_leggings":3,"minecraft:cooked_mutton":6,"minecraft:cracked_stone_bricks":1,"minecraft:crafting_table":5,"minecraft:smoker":1,"minecraft:diamond_pickaxe":124,"minecraft:iron_pickaxe":42,"minecraft:stone_axe":19,"minecraft:cobblestone":21,"alexsmobs:animal_dictionary":2},"minecraft:killed":{"minecraft:spider":1,"minecraft:skeleton":17,"gnumus:pitcher_mousse":3,"alexsmobs:kangaroo":5,"artifacts:mimic":1,"iceandfire:myrmex_worker":1,"gnumus:marsupial_mousse":1,"minecraft:sheep":4,"minecraft:pillager":6,"minecraft:zombie":6,"minecraft:cow":1,"alexsmobs:tarantula_hawk":1,"gnumus:gnumus_hunter":1,"minecraft:drowned":1,"iceandfire:deathworm":1,"minecraft:husk":17,"alexsmobs:guster":1},"minecraft:mined":{"minecraft:cut_sandstone_slab":2,"minecraft:stone_pressure_plate":2,"arclight:deepslate_arclight_ore":14,"arclight:deepslate_cryorium_ore":2,"minecraft:granite":5,"minecraft:acacia_log":5,"minecraft:grass_block":3,"minecraft:spawner":1,"minecraft:iron_ore":2,"minecraft:iron_bars":2,"minecraft:light_gray_concrete":2,"minecraft:smooth_sandstone_stairs":6,"youre_seeing_dungeons:chiseled_hideout_block":22,"minecraft:tripwire":1,"minecraft:cut_sandstone":5,"youre_seeing_dungeons:cracked_chiseled_hideout_block":3,"ecologics:pot":10,"minecraft:smoker":2,"minecraft:orange_terracotta":1,"minecraft:chiseled_quartz_block":1,"minecraft:blast_furnace":1,"minecraft:dead_bush":2,"iceandfire:fire_lily":1,"minecraft:smooth_sandstone_slab":4,"minecraft:light_gray_stained_glass":2,"simpleores:deepslate_tin_ore":8,"minecraft:grass":4,"minecraft:oak_log":20,"minecraft:sand":15,"minecraft:dirt":10,"minecraft:smooth_quartz":1,"minecraft:cut_red_sandstone":3,"minecraft:deepslate":25,"geode:lapis_cluster":1,"minecraft:deepslate_tiles":2,"minecraft:tuff":8,"minecraft:deepslate_diamond_ore":3,"minecraft:mangrove_roots":2,"youre_seeing_dungeons:despair_brick_lootbox":1,"simpleores:deepslate_adamantium_ore":5,"minecraft:moss_block":1,"minecraft:sandstone":13,"youre_seeing_dungeons:ancient_monument":1,"minecraft:hay_block":98,"minecraft:black_stained_glass_pane":2,"minecraft:furnace":2,"minecraft:chiseled_sandstone":1,"minecraft:andesite":1,"minecraft:vine":5,"minecraft:stripped_oak_log":1,"minecraft:stone":59,"minecraft:gray_concrete":1,"minecraft:smooth_sandstone":10,"minecraft:crafting_table":1,"minecraft:deepslate_gold_ore":3,"youre_seeing_dungeons:despair_block_cracked":1,"youre_seeing_dungeons:despair_block":9,"simpleores:deepslate_mythril_ore":2,"minecraft:mangrove_leaves":1,"minecraft:coal_ore":14,"youre_seeing_dungeons:maze_block_loot_box":2,"minecraft:cobweb":4,"minecraft:cracked_stone_bricks":1,"youre_seeing_dungeons:hideout_loot_box":2,"minecraft:stone_bricks":1,"arclight:deepslate_bloodstone_ore":6}},"DataVersion":3120}