{"stats":{"minecraft:picked_up":{"minecraft:leather":1,"minecraft:acacia_log":5,"minecraft:beef":3},"minecraft:crafted":{"minecraft:acacia_planks":20,"minecraft:crafting_table":1,"minecraft:stick":4},"minecraft:mined":{"minecraft:grass":1,"minecraft:acacia_log":5},"minecraft:custom":{"minecraft:time_since_rest":40982,"minecraft:play_time":40982,"minecraft:sprint_one_cm":8905,"minecraft:damage_taken":75,"minecraft:walk_one_cm":5517,"minecraft:walk_under_water_one_cm":264,"minecraft:mob_kills":3,"minecraft:jump":104,"minecraft:damage_dealt":435,"minecraft:time_since_death":40982,"minecraft:walk_on_water_one_cm":118,"minecraft:total_world_time":40982,"minecraft:interact_with_crafting_table":1,"minecraft:swim_one_cm":2184,"minecraft:fall_one_cm":4851,"minecraft:fly_one_cm":21679},"minecraft:used":{"minecraft:crafting_table":1,"alexsmobs:animal_dictionary":2,"youre_seeing_dungeons:unreal_dagger":8},"minecraft:killed":{"minecraft:zombie":1,"minecraft:cow":1}},"DataVersion":3120}