{"stats":{"minecraft:custom":{"minecraft:interact_with_crafting_table":69,"minecraft:open_barrel":187,"goblintraders:trade_with_goblin":13,"minecraft:eat_cake_slice":3,"minecraft:leave_game":21,"minecraft:time_since_death":4510,"minecraft:damage_resisted":147,"minecraft:sprint_one_cm":823837,"minecraft:damage_blocked_by_shield":1528,"minecraft:drop":142,"minecraft:play_noteblock":1,"minecraft:play_time":406551,"minecraft:deaths":35,"minecraft:jump":6670,"minecraft:walk_on_water_one_cm":81170,"minecraft:interact_with_furnace":86,"minecraft:play_record":15,"minecraft:interact_with_loom":1,"minecraft:sleep_in_bed":2,"minecraft:damage_dealt":56009,"minecraft:player_kills":3,"minecraft:crouch_one_cm":13733,"minecraft:interact_with_smoker":1,"minecraft:interact_with_smithing_table":3,"minecraft:interact_with_anvil":5,"minecraft:mob_kills":229,"minecraft:damage_dealt_resisted":34,"minecraft:climb_one_cm":21422,"minecraft:walk_one_cm":592693,"minecraft:sneak_time":8048,"minecraft:walk_under_water_one_cm":39678,"minecraft:boat_one_cm":148741,"minecraft:interact_with_blast_furnace":1,"minecraft:total_world_time":406551,"minecraft:tune_noteblock":17,"minecraft:interact_with_stonecutter":1,"minecraft:time_since_rest":4564,"minecraft:damage_taken":2147483647,"minecraft:damage_absorbed":77,"minecraft:trigger_trapped_chest":2,"minecraft:swim_one_cm":184566,"minecraft:fly_one_cm":1311095,"minecraft:open_chest":130,"minecraft:fall_one_cm":164168},"minecraft:used":{"minecraft:chest":1,"minecraft:shield":72,"minecraft:iron_sword":1060,"minecraft:iron_chestplate":4,"minecraft:mutton":4,"minecraft:jungle_planks":2,"minecraft:carrot":215,"minecraft:tuff":7,"minecraft:iron_helmet":3,"minecraft:rabbit_stew":1,"minecraft:furnace":10,"minecraft:diorite":8,"minecraft:oak_planks":7,"minecraft:stone_pickaxe":103,"minecraft:wooden_pickaxe":3,"minecraft:diamond_axe":6,"minecraft:cookie":18,"minecraft:golden_apple":3,"minecraft:glow_berries":13,"cataclysm:music_disc_the_leviathan":2,"simpleores:mythril_bow":5,"iceandfire:lightning_dragon_flesh":2,"minecraft:bread":5,"minecraft:red_terracotta":12,"ecologics:coconut_slice":1,"minecraft:fire_charge":1,"minecraft:wooden_sword":58,"minecraft:coal_block":81,"cataclysm:music_disc_ignis":2,"minecraft:andesite":1,"minecraft:experience_bottle":5,"iceandfire:silver_sword":233,"minecraft:spruce_planks":12,"simpleores:tin_sword":7,"ecologics:flowering_azalea_boat":1,"travelersbackpack:bat":1,"minecraft:dirt":5,"minecraft:diamond_helmet":2,"minecraft:granite":5,"minecraft:wooden_axe":10,"alexsmobs:maggot":2,"twilightforest:music_disc_motion":3,"cataclysm:music_disc_netherite_monstrosity":2,"minecraft:iron_axe":39,"minecraft:iron_boots":9,"twilightforest:music_disc_home":2,"minecraft:diamond_chestplate":4,"ecologics:coconut_boat":1,"minecraft:iron_leggings":5,"minecraft:cooked_mutton":4,"simpleores:onyx_sword":11,"minecraft:baked_potato":23,"minecraft:spruce_sign":1,"minecraft:crafting_table":16,"cataclysm:music_disc_the_harbinger":4,"minecraft:smooth_red_sandstone_stairs":3,"minecraft:diamond_pickaxe":162,"minecraft:acacia_stairs":1,"minecraft:iron_pickaxe":332,"iceandfire:dragon_horn":5,"minecraft:cobblestone":15,"minecraft:potion":1,"simpleores:tin_pickaxe":64,"alexsmobs:animal_dictionary":3,"minecraft:diamond_leggings":3,"minecraft:jukebox":1},"minecraft:mined":{"minecraft:dark_oak_planks":1,"minecraft:andesite_stairs":2,"alexsmobs:leafcutter_anthill":1,"minecraft:granite":16,"minecraft:acacia_log":4,"minecraft:red_sand":1,"minecraft:smooth_red_sandstone_stairs":3,"minecraft:grass_block":7,"minecraft:jungle_log":7,"minecraft:coal_block":33,"minecraft:polished_diorite":3,"minecraft:mud_bricks":8,"minecraft:nether_wart":60,"minecraft:spawner":22,"minecraft:smooth_stone":2,"minecraft:iron_ore":60,"minecraft:barrel":3,"minecraft:smooth_red_sandstone":1,"minecraft:cave_vines":1,"minecraft:iron_bars":9,"minecraft:deepslate_brick_stairs":1,"minecraft:azalea_leaves":1,"simpleores:tin_ore":6,"minecraft:cyan_terracotta":2,"minecraft:polished_diorite_slab":1,"minecraft:oak_planks":4,"minecraft:iron_door":2,"minecraft:smooth_sandstone_slab":6,"minecraft:white_terracotta":2,"minecraft:jungle_wood":1,"simpleores:deepslate_tin_ore":1,"minecraft:stone_brick_stairs":5,"minecraft:grass":11,"minecraft:oak_log":5,"ecologics:flowering_azalea_log":4,"minecraft:dirt":9,"minecraft:oak_leaves":6,"minecraft:deepslate":14,"minecraft:diamond_ore":1,"minecraft:tuff":7,"iceandfire:silver_ore":4,"minecraft:quartz_stairs":1,"minecraft:mossy_cobblestone":1,"minecraft:deepslate_diamond_ore":3,"minecraft:jungle_planks":1,"minecraft:white_stained_glass":3,"iceandfire:deepslate_silver_ore":1,"minecraft:polished_andesite_slab":1,"ecologics:coconut_log":7,"simpleores:deepslate_adamantium_ore":7,"minecraft:moss_block":2,"minecraft:waxed_oxidized_cut_copper":4,"minecraft:furnace":8,"minecraft:carrots":131,"minecraft:acacia_stairs":1,"minecraft:andesite":5,"minecraft:black_concrete":2,"simpleores:adamantium_ore":4,"minecraft:polished_deepslate":7,"minecraft:bookshelf":3,"minecraft:lime_wall_banner":1,"minecraft:vine":2,"minecraft:deepslate_iron_ore":55,"minecraft:cobblestone_slab":10,"minecraft:rail":1,"minecraft:stone":193,"minecraft:bone_block":69,"minecraft:redstone_block":1,"minecraft:glass_pane":2,"minecraft:crafting_table":11,"minecraft:copper_ore":3,"minecraft:tall_grass":4,"minecraft:red_concrete":2,"minecraft:diorite":8,"minecraft:spruce_stairs":2,"minecraft:red_terracotta":14,"minecraft:waxed_weathered_cut_copper_slab":1,"simpleores:deepslate_mythril_ore":3,"minecraft:quartz_pillar":1,"simpleores:mythril_ore":11,"minecraft:coal_ore":33,"minecraft:cobweb":18,"minecraft:cracked_stone_bricks":1,"minecraft:acacia_planks":1,"minecraft:stone_bricks":8,"minecraft:fern":1},"minecraft:picked_up":{"minecraft:wooden_axe":3,"minecraft:iron_chestplate":16,"travelersbackpack:bat":4,"minecraft:potion":22,"minecraft:enchanted_book":30,"minecraft:stone_brick_stairs":3,"minecraft:polished_deepslate":2,"alexsmobs:gazelle_horn":14,"minecraft:string":319,"minecraft:raw_copper":8,"twilightforest:music_disc_motion":8,"minecraft:iron_leggings":13,"minecraft:experience_bottle":20,"alexsmobs:emu_feather":4,"irons_spellbooks:arcane_essence":53,"minecraft:diamond_leggings":12,"minecraft:cobbled_deepslate":203,"minecraft:spruce_planks":45,"minecraft:redstone_torch":2,"simpleores:raw_tin":117,"minecraft:wooden_shovel":5,"minecraft:iron_pickaxe":7,"minecraft:enchanted_golden_apple":1,"minecraft:coal_block":323,"iceandfire:dragonscales_red":12,"minecraft:iron_boots":27,"minecraft:furnace":8,"minecraft:stick":158,"ecologics:flowering_azalea_planks":12,"simpleores:mythril_ingot":70,"iceandfire:armor_copper_metal_leggings":2,"mowziesmobs:sol_visage":3,"ecologics:coconut_seedling":2,"minecraft:acacia_log":4,"travelersbackpack:iron_tier_upgrade":13,"iceandfire:silver_ore":44,"iceandfire:lightning_dragon_flesh":15,"iceandfire:crackled_gravel":12,"minecraft:diorite":16,"minecraft:rotten_flesh":63,"ecologics:coconut_log":7,"minecraft:cyan_terracotta":2,"minecraft:white_terracotta":2,"simpleores:tin_sword":2,"minecraft:iron_bars":12,"minecraft:cobblestone":2033,"iceandfire:dragonscales_black":33,"cataclysm:music_disc_the_harbinger":10,"minecraft:polished_diorite_slab":1,"minecraft:feather":45,"minecraft:iron_door":3,"minecraft:andesite":37,"minecraft:jungle_log":20,"ecologics:coconut_planks":15,"minecraft:brown_wool":4,"artifacts:thorn_pendant":1,"minecraft:flint":142,"minecraft:tuff":14,"minecraft:lapis_lazuli":462,"minecraft:dirt":53,"cataclysm:music_disc_ignis":10,"minecraft:bone":19,"simpleores:raw_mythril":14,"minecraft:acacia_planks":96,"minecraft:bow":2,"minecraft:wheat_seeds":8,"minecraft:waxed_weathered_cut_copper_slab":1,"minecraft:diamond_helmet":5,"minecraft:moss_block":3,"minecraft:oak_planks":77,"minecraft:sand":1,"minecraft:jungle_planks":145,"ecologics:coconut_husk":1,"iceandfire:lightning_dragon_heart":4,"minecraft:acacia_stairs":1,"minecraft:trapped_chest":15,"minecraft:red_terracotta":18,"minecraft:barrel":3,"alexsmobs:animal_dictionary":10,"minecraft:mossy_cobblestone":1,"artifacts:plastic_drinking_hat":6,"cataclysm:music_disc_netherite_monstrosity":7,"minecraft:diamond":422,"minecraft:lever":1,"minecraft:granite":8,"minecraft:golden_apple":1,"minecraft:chainmail_helmet":3,"minecraft:spruce_sign":1,"minecraft:emerald":44,"minecraft:bread":1,"alexsmobs:maggot":2,"minecraft:oak_sapling":1,"simpleores:mythril_bow":2,"minecraft:oak_leaves":2,"minecraft:diamond_pickaxe":10,"aquaculture:fishing_line":3,"iceandfire:dragon_skull_lightning":4,"minecraft:charcoal":128,"minecraft:waxed_oxidized_cut_copper":14,"minecraft:crafting_table":16,"minecraft:nether_wart":435,"minecraft:leather_leggings":2,"minecraft:wooden_pickaxe":2,"minecraft:gold_block":5,"ecologics:coconut_boat":1,"minecraft:shield":12,"minecraft:iron_axe":17,"minecraft:wooden_sword":3,"minecraft:flint_and_steel":6,"minecraft:item_frame":2,"minecraft:cracked_stone_bricks":1,"minecraft:candle":1,"simpleores:raw_adamantium":76,"minecraft:beef":26,"minecraft:andesite_stairs":3,"minecraft:sugar_cane":30,"simpleores:adamantium_ingot":4,"minecraft:raw_iron":244,"iceandfire:dragonbone":50,"ecologics:coconut_slice":3,"minecraft:copper_ingot":476,"minecraft:carrot":3152,"minecraft:smooth_sandstone_slab":4,"mowziesmobs:umvuthana_mask_faith":2,"simpleores:mythril_rod":2,"iceandfire:silver_ingot":14,"minecraft:arrow":12,"minecraft:diamond_chestplate":50,"artifacts:cross_necklace":5,"mowziesmobs:umvuthana_mask_bliss":8,"minecraft:gold_ingot":1037,"minecraft:mutton":12,"minecraft:bone_block":128,"iceandfire:armor_black_chestplate":9,"minecraft:skeleton_skull":13,"minecraft:white_wool":6,"ecologics:flowering_azalea_log":4,"minecraft:smooth_red_sandstone_stairs":3,"artifacts:digging_claws":17,"minecraft:leather":11,"minecraft:oak_log":7,"artifacts:superstitious_hat":6,"twilightforest:music_disc_home":3,"minecraft:gunpowder":78,"iceandfire:armor_copper_metal_helmet":3,"simpleores:tin_pickaxe":2,"minecraft:cooked_mutton":1,"minecraft:kelp":5,"cataclysm:music_disc_the_leviathan":4,"minecraft:iron_ingot":896,"minecraft:stone_pickaxe":6,"minecraft:cobweb":52,"minecraft:iron_sword":12,"minecraft:book":151,"iceandfire:copper_nugget":736,"iceandfire:ash":3,"minecraft:amethyst_shard":48,"minecraft:spider_eye":7,"iceandfire:dragonscales_copper":44,"iceandfire:dragon_flute":1,"minecraft:lime_banner":1,"iceandfire:stymphalian_arrow":2,"youre_seeing_dungeons:unreal_dagger":1,"minecraft:slime_ball":264,"minecraft:polished_diorite":1,"iceandfire:silver_sword":13,"simpleores:tin_ingot":88,"minecraft:iron_helmet":14,"minecraft:diamond_axe":4,"minecraft:painting":2,"mowziesmobs:umvuthana_mask_fear":8,"minecraft:coal":1091},"minecraft:broken":{"minecraft:iron_sword":1,"minecraft:shield":1,"minecraft:iron_pickaxe":1,"minecraft:iron_helmet":1},"minecraft:killed":{"minecraft:cave_spider":4,"mowziesmobs:umvuthi":1,"minecraft:spider":13,"minecraft:skeleton":25,"alexsmobs:leafcutter_ant":3,"mowziesmobs:umvuthana_crane":4,"irons_spellbooks:summoned_skeleton":1,"artifacts:mimic":1,"alexsmobs:anteater":1,"irons_spellbooks:necromancer":2,"minecraft:creeper":5,"minecraft:sheep":4,"minecraft:pillager":8,"minecraft:zombie":113,"alexsmobs:fly":1,"iceandfire:lightning_dragon":3,"cave_dweller:cave_dweller":1,"minecraft:cow":5,"mowziesmobs:naga":3,"irons_spellbooks:summoned_zombie":1,"alexsmobs:tarantula_hawk":1,"alexsmobs:tiger":2,"alexsmobs:seagull":1,"iceandfire:fire_dragon":1,"mowziesmobs:umvuthana":5,"minecraft:husk":3,"alexsmobs:emu":2,"difficult_spawners:evil_spirit":5,"alexsmobs:gazelle":3},"minecraft:killed_by":{"mowziesmobs:umvuthi":4,"mowziesmobs:umvuthana":2,"minecraft:zombie":6,"alexsmobs:gorilla":1,"minecraft:player":4,"minecraft:spider":1,"minecraft:skeleton":2,"iceandfire:lightning_dragon":12,"cave_dweller:cave_dweller":1},"minecraft:dropped":{"minecraft:iron_sword":1,"simpleores:tin_pickaxe":1,"minecraft:leather":7,"minecraft:flint":64,"minecraft:item_frame":2,"minecraft:emerald":4,"minecraft:dirt":10,"iceandfire:dragon_horn":1,"iceandfire:dragonscales_red":12,"irons_spellbooks:arcane_essence":3,"minecraft:wooden_sword":1,"minecraft:bone_block":1,"iceandfire:ash":1,"minecraft:sand":1,"minecraft:iron_pickaxe":2,"minecraft:white_wool":1,"minecraft:gold_ingot":2,"minecraft:bone":5,"cataclysm:music_disc_ignis":1,"minecraft:lever":1,"ecologics:coconut_boat":1,"alexsmobs:animal_dictionary":1,"minecraft:cobbled_deepslate":5,"minecraft:rotten_flesh":40,"travelersbackpack:bat":1,"iceandfire:crackled_gravel":2,"minecraft:carrot":61,"minecraft:gunpowder":6,"minecraft:skeleton_skull":4,"minecraft:charcoal":27,"minecraft:beetroot_seeds":2,"ecologics:coconut_husk":1,"minecraft:leather_leggings":1,"minecraft:painting":2,"minecraft:iron_bars":5,"minecraft:arrow":2,"minecraft:stone_brick_stairs":1,"minecraft:enchanted_book":1,"minecraft:iron_ingot":43,"minecraft:wheat_seeds":6,"minecraft:mossy_cobblestone":1,"minecraft:book":12,"ecologics:coconut_seedling":1,"minecraft:cobblestone":130,"minecraft:iron_helmet":1,"minecraft:feather":3,"ecologics:flowering_azalea_planks":19,"minecraft:acacia_log":1,"minecraft:chainmail_helmet":1,"minecraft:coal":16,"minecraft:stick":19,"minecraft:cobweb":11,"minecraft:wooden_axe":1,"minecraft:brown_wool":1,"minecraft:iron_door":1,"minecraft:iron_leggings":2,"minecraft:potion":11,"minecraft:smooth_sandstone_slab":2,"minecraft:iron_axe":2,"simpleores:tin_sword":1,"minecraft:string":1,"minecraft:acacia_planks":2,"artifacts:digging_claws":2,"minecraft:polished_deepslate":2,"minecraft:polished_diorite":1,"ecologics:coconut_planks":18,"minecraft:kelp":5,"minecraft:nether_wart":15,"minecraft:bowl":1,"minecraft:raw_iron":2,"simpleores:raw_adamantium":4,"minecraft:iron_boots":3,"iceandfire:armor_black_leggings":1,"minecraft:name_tag":1,"minecraft:white_terracotta":2,"minecraft:flint_and_steel":2,"minecraft:diamond_chestplate":5,"minecraft:spruce_planks":11,"minecraft:iron_chestplate":4,"minecraft:andesite":4,"minecraft:oak_sapling":1,"minecraft:andesite_stairs":1,"minecraft:wooden_shovel":2,"minecraft:redstone_torch":2,"iceandfire:armor_black_chestplate":1,"minecraft:stone_pickaxe":1,"minecraft:wooden_pickaxe":1,"iceandfire:dragon_skull_lightning":1},"minecraft:crafted":{"minecraft:oak_planks":24,"minecraft:cooked_mutton":3,"ecologics:flowering_azalea_planks":16,"minecraft:diamond_helmet":1,"minecraft:iron_boots":2,"minecraft:chest":1,"simpleores:tin_ingot":17,"simpleores:mythril_rod":2,"minecraft:wooden_shovel":1,"minecraft:emerald":7,"minecraft:crafting_table":7,"minecraft:wooden_pickaxe":1,"minecraft:iron_helmet":1,"minecraft:copper_ingot":8,"minecraft:gold_block":14,"simpleores:tin_block":1,"minecraft:iron_chestplate":1,"minecraft:emerald_block":1,"minecraft:shield":4,"minecraft:stick":32,"minecraft:iron_ingot":107,"minecraft:iron_pickaxe":3,"minecraft:iron_block":45,"minecraft:gold_ingot":5,"iceandfire:dragon_horn":1,"ecologics:flowering_azalea_boat":1,"iceandfire:silver_sword":1,"simpleores:tin_pickaxe":1,"minecraft:wooden_sword":1,"minecraft:coal":18,"minecraft:jukebox":1,"ecologics:coconut_planks":28,"simpleores:adamantium_bricks":1,"minecraft:furnace":4,"iceandfire:dragon_flute":1,"minecraft:iron_axe":3,"minecraft:stone_pickaxe":1,"iceandfire:armor_black_chestplate":1,"ecologics:coconut_boat":1,"minecraft:coal_block":21,"simpleores:tin_sword":1,"iceandfire:armor_black_leggings":1,"iceandfire:silver_ingot":4,"aquaculture:fishing_line":1,"minecraft:iron_sword":2,"minecraft:air":0,"minecraft:jungle_planks":60,"simpleores:mythril_bow":1,"minecraft:wooden_axe":1,"simpleores:mythril_ingot":14,"minecraft:iron_leggings":2,"minecraft:acacia_planks":12,"minecraft:diamond_chestplate":1}},"DataVersion":3120}