{"stats":{"minecraft:picked_up":{"irons_spellbooks:scroll":12,"minecraft:crafting_table":2,"gnumus:gnumus_claw":4,"youre_seeing_dungeons:magic_rags":12,"minecraft:wooden_pickaxe":1,"minecraft:enchanted_book":9,"youre_seeing_dungeons:weapon_master_spell":6,"minecraft:iron_axe":2,"minecraft:string":21,"minecraft:cooked_salmon":3,"minecraft:iron_leggings":3,"minecraft:iron_shovel":3,"irons_spellbooks:arcane_essence":33,"minecraft:gold_nugget":11,"minecraft:cobbled_deepslate":30,"minecraft:beef":18,"minecraft:iron_nugget":6,"minecraft:iron_pickaxe":3,"minecraft:enchanted_golden_apple":4,"minecraft:iron_boots":2,"minecraft:raw_iron":6,"minecraft:stick":4,"artifacts:universal_attractor":5,"minecraft:sandstone":12,"iceandfire:dragonbone":27,"simpleores:mythril_ingot":12,"gnumus:juicy_meat":2,"minecraft:acacia_log":5,"youre_seeing_dungeons:cracked_chiseled_hideout_block":16,"minecraft:carrot":1,"minecraft:smooth_sandstone_slab":4,"youre_seeing_dungeons:essence":141,"minecraft:diamond_chestplate":2,"minecraft:stone_sword":3,"minecraft:rotten_flesh":54,"youre_seeing_dungeons:loot_token":28,"minecraft:hay_block":17,"gnumus:gnumus_chickpeas":5,"minecraft:mangrove_roots":2,"minecraft:gold_ingot":66,"gnumus:mouse_skin":4,"youre_seeing_dungeons:ancient_monument":2,"youre_seeing_dungeons:despair_dimension_epitaph":3,"minecraft:cobblestone":60,"youre_seeing_dungeons:ancient_pebble":6,"minecraft:stripped_oak_log":1,"youre_seeing_dungeons:gloomy_bone":16,"youre_seeing_dungeons:dark_crystal":12,"gnumus:gnumus_doubloons":5,"youre_seeing_dungeons:lockey":6,"youre_seeing_dungeons:unnamed_documments":3,"minecraft:glow_ink_sac":27,"minecraft:andesite":3,"minecraft:cut_sandstone":4,"minecraft:leather":2,"gnumus:gnumus_pouch":1,"minecraft:filled_map":3,"minecraft:tuff":9,"minecraft:smooth_sandstone_stairs":5,"minecraft:oak_log":18,"minecraft:gunpowder":8,"minecraft:lapis_lazuli":6,"travelersbackpack:gold_tier_upgrade":5,"minecraft:dirt":13,"minecraft:cut_sandstone_slab":2,"man:cassette_1safetyinstructions":2,"youre_seeing_dungeons:despair_block_cracked":1,"gnumus:gnumus_pouch_2":1,"irons_spellbooks:common_ink":4,"minecraft:smooth_sandstone":11,"minecraft:bone":56,"ecologics:music_disc_coconut":2,"youre_seeing_dungeons:dark_essence":18,"minecraft:acacia_planks":8,"youre_seeing_dungeons:amulet_base":7,"minecraft:wheat_seeds":4,"youre_seeing_dungeons:magic_paper":6,"minecraft:heart_of_the_sea":2,"minecraft:iron_ingot":45,"youre_seeing_dungeons:despair_block":7,"minecraft:stone_pickaxe":3,"minecraft:moss_block":3,"youre_seeing_dungeons:chiseled_hideout_block":38,"endrem:black_eye":2,"youre_seeing_dungeons:heal_spell":10,"endrem:old_eye":5,"youre_seeing_dungeons:mucus_item":24,"youre_seeing_dungeons:fire_spell":4,"iceandfire:dragon_skull_fire":3,"minecraft:sand":35,"minecraft:blast_furnace":2,"minecraft:chiseled_sandstone":1,"minecraft:spider_eye":4,"alexsmobs:animal_dictionary":4,"minecraft:cut_red_sandstone":3,"youre_seeing_dungeons:unreal_dagger":3,"artifacts:crystal_heart":2,"gnumus:gnumus_clay":5,"youre_seeing_dungeons:unreal_gold":36,"minecraft:diamond":15,"minecraft:stone_axe":4,"youre_seeing_dungeons:rags":12,"simpleores:tin_ingot":10,"minecraft:iron_helmet":2,"minecraft:granite":2,"minecraft:golden_apple":7,"minecraft:emerald":33,"minecraft:bread":163,"minecraft:oak_sapling":1,"minecraft:coal":9,"minecraft:mangrove_propagule":1},"minecraft:crafted":{"minecraft:oak_planks":72,"minecraft:iron_boots":1,"minecraft:iron_axe":1,"minecraft:stone_pickaxe":1,"minecraft:chest":2,"minecraft:wheat":153,"minecraft:crafting_table":2,"minecraft:wooden_pickaxe":1,"minecraft:iron_helmet":1,"minecraft:stone_axe":1,"minecraft:bread":51,"minecraft:air":0,"minecraft:stick":8,"minecraft:iron_ingot":6,"minecraft:stone_sword":1,"minecraft:acacia_planks":20,"minecraft:diamond_chestplate":1},"minecraft:mined":{"minecraft:tuff":3,"minecraft:cut_sandstone_slab":2,"minecraft:stone_pressure_plate":1,"minecraft:deepslate_diamond_ore":1,"minecraft:mangrove_roots":2,"youre_seeing_dungeons:despair_brick_lootbox":1,"minecraft:granite":1,"minecraft:acacia_log":5,"minecraft:grass_block":3,"minecraft:moss_block":1,"minecraft:sandstone":13,"minecraft:spawner":1,"youre_seeing_dungeons:ancient_monument":1,"minecraft:hay_block":17,"minecraft:iron_ore":2,"minecraft:chiseled_sandstone":1,"minecraft:andesite":1,"minecraft:vine":4,"minecraft:stripped_oak_log":1,"minecraft:smooth_sandstone_stairs":6,"minecraft:stone":37,"youre_seeing_dungeons:chiseled_hideout_block":22,"minecraft:tripwire":1,"minecraft:cut_sandstone":5,"youre_seeing_dungeons:cracked_chiseled_hideout_block":3,"ecologics:pot":10,"minecraft:smooth_sandstone":10,"minecraft:crafting_table":1,"minecraft:blast_furnace":1,"minecraft:dead_bush":2,"iceandfire:fire_lily":1,"youre_seeing_dungeons:despair_block_cracked":1,"minecraft:smooth_sandstone_slab":4,"youre_seeing_dungeons:despair_block":7,"minecraft:mangrove_leaves":1,"minecraft:grass":4,"minecraft:oak_log":18,"youre_seeing_dungeons:maze_block_loot_box":1,"minecraft:sand":15,"minecraft:dirt":10,"minecraft:cobweb":4,"youre_seeing_dungeons:hideout_loot_box":2,"minecraft:cut_red_sandstone":3,"minecraft:stone_bricks":1,"minecraft:deepslate":14,"geode:lapis_cluster":1},"minecraft:custom":{"minecraft:mob_kills":30,"minecraft:interact_with_crafting_table":18,"minecraft:open_barrel":8,"minecraft:leave_game":3,"minecraft:time_since_death":0,"minecraft:climb_one_cm":4771,"minecraft:sprint_one_cm":209916,"minecraft:walk_one_cm":171275,"minecraft:drop":77,"minecraft:play_time":106639,"minecraft:deaths":8,"minecraft:sneak_time":1281,"minecraft:walk_under_water_one_cm":5513,"minecraft:jump":1669,"minecraft:interact_with_blast_furnace":1,"minecraft:walk_on_water_one_cm":21731,"minecraft:total_world_time":106639,"minecraft:interact_with_furnace":5,"minecraft:sleep_in_bed":1,"minecraft:time_since_rest":67,"minecraft:damage_absorbed":1761,"minecraft:damage_taken":4584,"minecraft:damage_dealt":6470,"minecraft:swim_one_cm":49486,"minecraft:fly_one_cm":358886,"minecraft:open_chest":36,"minecraft:crouch_one_cm":4603,"minecraft:fall_one_cm":55296},"minecraft:dropped":{"minecraft:enchanted_book":1,"minecraft:iron_ingot":1,"minecraft:wheat_seeds":2,"ecologics:music_disc_coconut":2,"youre_seeing_dungeons:chiseled_hideout_block":38,"youre_seeing_dungeons:unreal_dagger":3,"minecraft:mangrove_propagule":1,"minecraft:iron_helmet":1,"man:cassette_1safetyinstructions":1,"minecraft:leather":1,"gnumus:mouse_skin":4,"minecraft:coal":9,"minecraft:stick":2,"irons_spellbooks:scroll":3,"minecraft:dirt":5,"gnumus:gnumus_claw":4,"youre_seeing_dungeons:essence":1,"minecraft:cut_sandstone":4,"minecraft:cooked_salmon":3,"minecraft:gold_nugget":7,"minecraft:heart_of_the_sea":2,"minecraft:smooth_sandstone_slab":3,"minecraft:sand":9,"minecraft:iron_pickaxe":1,"minecraft:string":1,"minecraft:acacia_planks":8,"minecraft:chiseled_sandstone":1,"minecraft:stone_axe":2,"youre_seeing_dungeons:cracked_chiseled_hideout_block":16,"minecraft:mangrove_roots":2,"minecraft:iron_nugget":4,"youre_seeing_dungeons:despair_block_cracked":1,"minecraft:stone_sword":1,"youre_seeing_dungeons:amulet_base":1,"minecraft:smooth_sandstone_stairs":3,"minecraft:rotten_flesh":2,"minecraft:stripped_oak_log":1,"minecraft:cut_red_sandstone":2,"minecraft:filled_map":3,"gnumus:gnumus_doubloons":5,"gnumus:gnumus_clay":5,"minecraft:gunpowder":5,"gnumus:juicy_meat":2,"gnumus:gnumus_chickpeas":5,"minecraft:oak_sapling":1,"youre_seeing_dungeons:ancient_monument":1,"simpleores:tin_ingot":4,"minecraft:spider_eye":4,"simpleores:mythril_ingot":12,"minecraft:wooden_pickaxe":1,"minecraft:stone_pickaxe":1,"endrem:black_eye":2},"minecraft:used":{"minecraft:stone_sword":112,"minecraft:iron_shovel":4,"minecraft:chest":2,"minecraft:smooth_sandstone_stairs":1,"minecraft:dirt":8,"minecraft:iron_axe":37,"minecraft:smooth_sandstone":7,"minecraft:iron_helmet":1,"minecraft:cobbled_deepslate":3,"minecraft:acacia_planks":1,"minecraft:iron_leggings":1,"minecraft:stone_pickaxe":123,"minecraft:wooden_pickaxe":4,"minecraft:sandstone":8,"minecraft:sand":15,"minecraft:cut_sandstone_slab":2,"minecraft:crafting_table":3,"minecraft:bread":38,"minecraft:string":1,"minecraft:iron_pickaxe":42,"youre_seeing_dungeons:unreal_dagger":8,"minecraft:stone_axe":19,"alexsmobs:animal_dictionary":2},"minecraft:killed":{"minecraft:spider":1,"minecraft:skeleton":1,"gnumus:gnumus_hunter":1,"minecraft:drowned":1,"artifacts:mimic":1,"minecraft:husk":17,"minecraft:zombie":6,"minecraft:cow":1},"minecraft:killed_by":{"minecraft:husk":2,"iceandfire:deathworm":4,"difficult_spawners:evil_spirit":1,"minecraft:zombie":1}},"DataVersion":3120}