{"stats":{"minecraft:dropped":{"minecraft:moss_block":1,"minecraft:cracked_stone_bricks":5,"minecraft:grass_block":1,"minecraft:dirt":16,"iceandfire:armor_silver_metal_leggings":1,"minecraft:wooden_sword":1,"minecraft:chainmail_leggings":8,"artifacts:kitty_slippers":2,"minecraft:cobbled_deepslate":8,"youre_seeing_dungeons:unnamed_documments":1,"minecraft:rotten_flesh":26,"minecraft:hay_block":30,"minecraft:charcoal":8,"minecraft:andesite":7,"minecraft:leather_leggings":1,"minecraft:stone_bricks":16,"minecraft:arrow":4,"minecraft:wooden_pickaxe":1,"minecraft:raw_gold":3,"minecraft:stone_brick_stairs":1},"minecraft:killed_by":{"difficult_spawners:evil_spirit":1,"minecraft:creeper":2,"minecraft:vindicator":2,"iceandfire:ice_dragon":7,"minecraft:skeleton":2,"minecraft:zombie":7},"minecraft:picked_up":{"minecraft:charcoal":24,"minecraft:iron_chestplate":2,"minecraft:crafting_table":15,"minecraft:wheat":8,"minecraft:chicken":70,"minecraft:leather_leggings":1,"minecraft:diamond_sword":13,"minecraft:wooden_pickaxe":7,"minecraft:stone_brick_wall":5,"minecraft:potion":12,"minecraft:diamond_horse_armor":12,"youre_seeing_dungeons:weapon_master_spell":20,"minecraft:stone_brick_stairs":4,"minecraft:brewing_stand":10,"minecraft:shield":9,"minecraft:string":1,"minecraft:iron_axe":2,"minecraft:wooden_sword":3,"minecraft:iron_leggings":7,"minecraft:cracked_stone_bricks":7,"minecraft:cobbled_deepslate":81,"minecraft:spruce_planks":226,"simpleores:raw_adamantium":13,"minecraft:beef":50,"iceandfire:armor_silver_metal_leggings":3,"minecraft:wooden_shovel":6,"minecraft:iron_pickaxe":32,"minecraft:sugar_cane":90,"minecraft:iron_boots":2,"minecraft:furnace":30,"iceandfire:dragonbone":79,"minecraft:stick":131,"minecraft:raw_iron":140,"youre_seeing_dungeons:gloomy_shard":39,"minecraft:diorite":12,"minecraft:carrot":834,"iceandfire:dragon_skull_ice":3,"minecraft:stone_sword":2,"iceandfire:armor_silver_metal_boots":2,"youre_seeing_dungeons:essence":169,"minecraft:rotten_flesh":79,"minecraft:arrow":13,"minecraft:diamond_chestplate":4,"youre_seeing_dungeons:loot_token":3,"minecraft:hay_block":143,"minecraft:saddle":4,"minecraft:gold_ingot":20,"youre_seeing_dungeons:ancient_monument":2,"minecraft:cobblestone":426,"minecraft:enchanting_table":14,"youre_seeing_dungeons:gloomy_bone":51,"minecraft:cooked_beef":72,"youre_seeing_dungeons:unnamed_documments":14,"minecraft:andesite":31,"youre_seeing_dungeons:despair_brick":28,"minecraft:leather":122,"youre_seeing_dungeons:though_rocks_spell_tier_2":9,"minecraft:gunpowder":14,"minecraft:dirt":101,"minecraft:bone":162,"minecraft:stone_bricks":55,"youre_seeing_dungeons:amulet_base":45,"minecraft:raw_gold":6,"youre_seeing_dungeons:magic_paper":26,"minecraft:stone_pickaxe":1,"youre_seeing_dungeons:despair_block":4,"minecraft:iron_ingot":170,"minecraft:cooked_chicken":125,"artifacts:kitty_slippers":22,"minecraft:mossy_stone_bricks":1,"minecraft:mossy_stone_brick_wall":2,"minecraft:moss_block":7,"minecraft:iron_sword":1,"youre_seeing_dungeons:heal_spell":3,"minecraft:cooked_porkchop":2,"youre_seeing_dungeons:mucus_item":4,"minecraft:grass_block":1,"minecraft:spruce_log":8,"alexsmobs:animal_dictionary":14,"minecraft:light_gray_concrete":1,"youre_seeing_dungeons:unreal_gold":91,"minecraft:diamond":21,"minecraft:chainmail_leggings":8,"minecraft:iron_helmet":9,"minecraft:bread":1260,"minecraft:emerald":250,"iceandfire:silver_nugget":102,"minecraft:ender_pearl":1,"minecraft:coal":4,"minecraft:diamond_pickaxe":8},"minecraft:killed":{"minecraft:spider":2,"alexsmobs:snow_leopard":1,"minecraft:skeleton":6,"artifacts:mimic":1,"minecraft:creeper":2,"difficult_spawners:evil_spirit":4,"minecraft:zombie":14},"minecraft:mined":{"minecraft:deepslate_diamond_ore":10,"minecraft:sculk_vein":1,"minecraft:brewing_stand":1,"youre_seeing_dungeons:despair_brick_lootbox":1,"minecraft:stone_brick_wall":1,"minecraft:grass_block":5,"minecraft:spruce_leaves":3,"simpleores:deepslate_adamantium_ore":2,"minecraft:moss_block":1,"minecraft:spawner":2,"minecraft:large_fern":1,"youre_seeing_dungeons:ancient_monument":1,"minecraft:hay_block":50,"minecraft:furnace":4,"minecraft:carrots":5,"youre_seeing_dungeons:despair_brick":4,"minecraft:iron_ore":23,"minecraft:andesite":7,"minecraft:enchanting_table":1,"minecraft:deepslate_iron_ore":5,"minecraft:vine":1,"minecraft:light_gray_concrete":1,"iceandfire:dread_stone_bricks_cracked":5,"minecraft:stone":50,"minecraft:powder_snow":16,"iceandfire:dragon_ice_spikes":4,"minecraft:crafting_table":6,"minecraft:sculk_sensor":1,"minecraft:tall_grass":2,"minecraft:cobblestone":4,"minecraft:sugar_cane":14,"minecraft:diorite":4,"minecraft:sculk":10,"youre_seeing_dungeons:despair_block_cracked":2,"youre_seeing_dungeons:despair_block":6,"minecraft:spruce_log":8,"minecraft:birch_leaves":2,"minecraft:stone_brick_stairs":1,"minecraft:grass":4,"iceandfire:dread_stone_bricks_mossy":1,"minecraft:coal_ore":3,"youre_seeing_dungeons:maze_block_loot_box":2,"minecraft:dirt":8,"minecraft:cobweb":1,"minecraft:cracked_stone_bricks":1,"minecraft:stone_bricks":3,"iceandfire:dread_stone_bricks":1,"minecraft:oak_leaves":4,"minecraft:deepslate":18},"minecraft:used":{"minecraft:shield":4,"minecraft:wooden_shovel":10,"minecraft:cooked_chicken":2,"minecraft:rotten_flesh":4,"minecraft:iron_chestplate":1,"minecraft:dirt":9,"minecraft:carrot":23,"minecraft:iron_axe":1,"minecraft:iron_helmet":3,"minecraft:iron_boots":1,"minecraft:diamond_chestplate":1,"minecraft:furnace":4,"minecraft:cooked_beef":5,"minecraft:cobbled_deepslate":13,"minecraft:iron_leggings":2,"minecraft:stone_pickaxe":12,"minecraft:ender_pearl":1,"minecraft:wooden_pickaxe":24,"iceandfire:armor_silver_metal_boots":1,"minecraft:crafting_table":7,"minecraft:diamond_pickaxe":95,"minecraft:bread":8,"minecraft:iron_pickaxe":73,"youre_seeing_dungeons:unreal_dagger":46,"minecraft:diamond_sword":157,"minecraft:cobblestone":11,"minecraft:cooked_porkchop":2,"minecraft:cooked_rabbit":1,"minecraft:chainmail_leggings":1},"minecraft:crafted":{"minecraft:cooked_chicken":12,"minecraft:furnace":3,"youre_seeing_dungeons:despair_brick":4,"minecraft:iron_boots":1,"minecraft:iron_axe":1,"minecraft:stone_pickaxe":1,"minecraft:wheat":451,"minecraft:cooked_beef":10,"minecraft:wooden_shovel":1,"minecraft:diamond_sword":1,"minecraft:crafting_table":1,"minecraft:spruce_planks":32,"minecraft:wooden_pickaxe":1,"minecraft:iron_helmet":1,"minecraft:bread":153,"minecraft:air":0,"minecraft:iron_chestplate":1,"minecraft:diamond_pickaxe":1,"minecraft:shield":1,"minecraft:stick":12,"minecraft:iron_ingot":25,"minecraft:iron_pickaxe":1,"minecraft:iron_leggings":1,"minecraft:diamond_chestplate":1},"minecraft:custom":{"minecraft:mob_kills":32,"minecraft:interact_with_crafting_table":28,"minecraft:open_barrel":1,"minecraft:leave_game":1,"minecraft:time_since_death":6838,"minecraft:climb_one_cm":4879,"minecraft:sprint_one_cm":246336,"minecraft:walk_one_cm":181919,"minecraft:damage_blocked_by_shield":155,"minecraft:drop":39,"minecraft:talked_to_villager":2,"minecraft:play_time":97362,"minecraft:sneak_time":2352,"minecraft:deaths":23,"minecraft:walk_under_water_one_cm":17530,"minecraft:jump":2005,"minecraft:interact_with_brewingstand":1,"minecraft:walk_on_water_one_cm":15106,"minecraft:total_world_time":97362,"minecraft:interact_with_furnace":32,"minecraft:interact_with_cartography_table":1,"minecraft:time_since_rest":6900,"minecraft:damage_taken":8104,"minecraft:damage_dealt":7406,"minecraft:swim_one_cm":53169,"minecraft:fly_one_cm":366950,"minecraft:player_kills":1,"minecraft:open_chest":56,"minecraft:crouch_one_cm":5118,"minecraft:interact_with_smoker":4,"minecraft:fall_one_cm":58716,"minecraft:horse_one_cm":899687}},"DataVersion":3120}