{"stats":{"minecraft:custom":{"minecraft:jump":54,"minecraft:time_since_rest":28982,"minecraft:damage_dealt":299,"minecraft:sprint_one_cm":3331,"minecraft:play_time":28982,"minecraft:time_since_death":28982,"minecraft:walk_one_cm":2382,"minecraft:total_world_time":28982,"minecraft:mob_kills":2,"minecraft:fall_one_cm":2566,"minecraft:fly_one_cm":10902},"minecraft:used":{"alexsmobs:animal_dictionary":2,"youre_seeing_dungeons:unreal_dagger":6},"minecraft:killed":{"minecraft:zombie":1}},"DataVersion":3120}