{"stats":{"minecraft:killed":{"minecraft:cave_spider":5,"minecraft:witch":1,"ogres:ogre_vil_1":1,"mowziesmobs:umvuthi":1,"minecraft:spider":23,"minecraft:skeleton":41,"alexsmobs:leafcutter_ant":3,"mowziesmobs:umvuthana_crane":4,"minecraft:silverfish":32,"alexsmobs:centipede_head":1,"irons_spellbooks:summoned_skeleton":1,"artifacts:mimic":2,"alexsmobs:anteater":1,"minecraft:zombie_villager":1,"irons_spellbooks:necromancer":4,"minecraft:creeper":7,"minecraft:sheep":8,"minecraft:pillager":8,"minecraft:zombie":227,"alexsmobs:fly":1,"iceandfire:lightning_dragon":3,"cave_dweller:cave_dweller":1,"minecraft:cow":9,"mowziesmobs:naga":3,"youre_seeing_dungeons:desert_pillager":3,"irons_spellbooks:summoned_zombie":6,"alexsmobs:tarantula_hawk":1,"alexsmobs:tiger":2,"alexsmobs:seagull":1,"iceandfire:fire_dragon":1,"youre_seeing_dungeons:desert_pillager_tamer":9,"minecraft:drowned":1,"gnumus:gnumus_hunter":1,"iceandfire:deathworm":2,"mowziesmobs:umvuthana":5,"minecraft:husk":3,"youre_seeing_dungeons:desert_pillager_shadow":10,"minecraft:bat":1,"alexsmobs:emu":2,"difficult_spawners:evil_spirit":76,"alexsmobs:gazelle":3},"minecraft:dropped":{"minecraft:iron_sword":1,"minecraft:oak_log":2,"simpleores:tin_pickaxe":1,"gnumus:overripe_carrot":4,"youre_seeing_dungeons:chiseled_hideout_block":1,"minecraft:crafting_table":1,"minecraft:leather":7,"minecraft:flint":64,"minecraft:item_frame":2,"minecraft:emerald":4,"minecraft:dirt":10,"iceandfire:dragon_horn":1,"iceandfire:dragonscales_red":12,"minecraft:gold_nugget":6,"irons_spellbooks:arcane_essence":5,"minecraft:wooden_sword":1,"minecraft:bone_block":1,"iceandfire:ash":1,"minecraft:sand":18,"minecraft:iron_pickaxe":2,"minecraft:white_wool":1,"minecraft:gold_ingot":2,"minecraft:bone":5,"cataclysm:music_disc_ignis":1,"minecraft:lever":1,"ecologics:coconut_boat":1,"alexsmobs:animal_dictionary":1,"minecraft:cobbled_deepslate":5,"minecraft:smooth_sandstone_stairs":1,"minecraft:rotten_flesh":45,"travelersbackpack:bat":1,"iceandfire:crackled_gravel":3,"minecraft:carrot":61,"minecraft:gunpowder":6,"minecraft:skeleton_skull":7,"minecraft:charcoal":27,"minecraft:beetroot_seeds":2,"ecologics:coconut_husk":1,"minecraft:leather_leggings":1,"minecraft:painting":2,"minecraft:iron_bars":5,"minecraft:arrow":36,"minecraft:stone_brick_stairs":1,"minecraft:enchanted_book":1,"minecraft:iron_ingot":54,"minecraft:wheat_seeds":6,"minecraft:mossy_cobblestone":1,"youre_seeing_dungeons:unreal_dagger":2,"minecraft:book":12,"ecologics:coconut_seedling":1,"minecraft:cobblestone":135,"minecraft:iron_helmet":1,"minecraft:feather":7,"ecologics:flowering_azalea_planks":19,"minecraft:acacia_log":1,"minecraft:chainmail_helmet":1,"minecraft:coal":17,"minecraft:stick":19,"minecraft:pufferfish":3,"youre_seeing_dungeons:crumbs":1,"minecraft:cobweb":11,"minecraft:wooden_axe":1,"minecraft:brown_wool":1,"minecraft:iron_door":1,"minecraft:potion":11,"minecraft:iron_leggings":2,"minecraft:smooth_sandstone_slab":8,"simpleores:tin_sword":1,"minecraft:iron_axe":2,"minecraft:smooth_stone":1,"minecraft:string":2,"minecraft:tripwire_hook":1,"minecraft:acacia_planks":2,"artifacts:digging_claws":2,"minecraft:polished_deepslate":2,"minecraft:polished_diorite":1,"minecraft:blue_terracotta":1,"minecraft:kelp":5,"ecologics:coconut_planks":18,"minecraft:nether_wart":15,"minecraft:polished_diorite_slab":2,"minecraft:bowl":1,"minecraft:raw_iron":2,"simpleores:raw_adamantium":4,"minecraft:iron_boots":3,"iceandfire:armor_black_leggings":1,"minecraft:name_tag":1,"minecraft:white_terracotta":2,"minecraft:flint_and_steel":2,"minecraft:diamond_chestplate":5,"minecraft:spruce_planks":11,"minecraft:iron_chestplate":5,"minecraft:andesite":4,"gnumus:gnumus_chickpeas":2,"minecraft:oak_sapling":1,"minecraft:andesite_stairs":1,"minecraft:wooden_shovel":2,"minecraft:brown_carpet":8,"minecraft:redstone_torch":2,"iceandfire:armor_black_chestplate":1,"minecraft:stone_pickaxe":1,"minecraft:wooden_pickaxe":1,"ogres:ogre_bone":2,"iceandfire:dragon_skull_lightning":1},"minecraft:picked_up":{"minecraft:wooden_axe":3,"irons_spellbooks:scroll":3,"iceandfire:deathworm_egg":1,"minecraft:iron_chestplate":20,"youre_seeing_dungeons:crumbs":1,"travelersbackpack:bat":4,"minecraft:anvil":1,"gnumus:gnumus_claw":1,"minecraft:enchanted_book":34,"minecraft:potion":22,"minecraft:stone_brick_stairs":6,"minecraft:polished_deepslate":3,"alexsmobs:gazelle_horn":14,"minecraft:string":327,"minecraft:raw_copper":8,"twilightforest:music_disc_motion":8,"minecraft:iron_leggings":13,"minecraft:pufferfish":3,"minecraft:experience_bottle":20,"minecraft:diamond_leggings":16,"irons_spellbooks:arcane_essence":65,"alexsmobs:emu_feather":4,"minecraft:smooth_stone":12,"minecraft:gold_nugget":12,"minecraft:cobbled_deepslate":217,"twilightforest:music_disc_thread":1,"minecraft:spruce_planks":80,"simpleores:raw_tin":117,"minecraft:redstone_torch":2,"minecraft:wooden_shovel":5,"minecraft:iron_pickaxe":7,"minecraft:enchanted_golden_apple":1,"minecraft:coal_block":323,"iceandfire:dragonscales_red":12,"minecraft:iron_boots":31,"minecraft:furnace":8,"minecraft:stick":158,"ecologics:flowering_azalea_planks":12,"minecraft:jukebox":1,"twilightforest:music_disc_steps":2,"simpleores:mythril_ingot":70,"iceandfire:armor_copper_metal_leggings":2,"mowziesmobs:sol_visage":3,"minecraft:torch":24,"ecologics:coconut_seedling":2,"minecraft:acacia_log":21,"travelersbackpack:iron_tier_upgrade":13,"iceandfire:silver_ore":44,"iceandfire:lightning_dragon_flesh":15,"iceandfire:crackled_gravel":13,"minecraft:diorite":16,"alexsmobs:centipede_leg":2,"minecraft:brown_carpet":8,"minecraft:rotten_flesh":293,"ecologics:coconut_log":7,"ogres:ogre_meat":2,"minecraft:iron_block":50,"minecraft:cyan_terracotta":2,"gnumus:gnumus_chickpeas":5,"minecraft:white_terracotta":3,"minecraft:music_disc_wait":1,"simpleores:tin_sword":2,"minecraft:iron_bars":13,"minecraft:cobblestone":2046,"iceandfire:dragonscales_black":33,"youre_seeing_dungeons:lockey":2,"cataclysm:music_disc_the_harbinger":10,"minecraft:polished_diorite_slab":3,"minecraft:feather":47,"minecraft:iron_door":3,"minecraft:andesite":37,"minecraft:jungle_log":20,"gnumus:overripe_carrot":4,"ecologics:coconut_planks":15,"minecraft:brown_wool":4,"artifacts:thorn_pendant":1,"minecraft:flint":142,"minecraft:tuff":14,"minecraft:smooth_sandstone_stairs":1,"minecraft:lapis_lazuli":462,"minecraft:dirt":53,"gnumus:gnumus_pouch_2":1,"youre_seeing_dungeons:tales_of_sand_broken":1,"cataclysm:music_disc_ignis":11,"simpleores:raw_mythril":14,"minecraft:bone":29,"minecraft:chipped_anvil":2,"minecraft:acacia_planks":96,"youre_seeing_dungeons:amulet_base":2,"minecraft:bow":2,"minecraft:wheat_seeds":8,"minecraft:waxed_weathered_cut_copper_slab":1,"minecraft:diamond_helmet":5,"minecraft:moss_block":3,"minecraft:oak_planks":95,"youre_seeing_dungeons:chiseled_hideout_block":1,"irons_spellbooks:frostward_ring":2,"minecraft:sand":1,"minecraft:jungle_planks":145,"ecologics:coconut_husk":1,"iceandfire:lightning_dragon_heart":4,"minecraft:acacia_stairs":1,"minecraft:trapped_chest":15,"minecraft:red_terracotta":18,"minecraft:barrel":3,"alexsmobs:animal_dictionary":10,"minecraft:mossy_cobblestone":1,"artifacts:plastic_drinking_hat":11,"minecraft:blue_terracotta":1,"youre_seeing_dungeons:unreal_gold":16,"cataclysm:music_disc_netherite_monstrosity":8,"minecraft:diamond":466,"minecraft:lever":1,"minecraft:bone_meal":1,"minecraft:granite":8,"minecraft:golden_apple":1,"minecraft:chainmail_helmet":3,"minecraft:spruce_sign":1,"minecraft:emerald":58,"minecraft:bread":1,"alexsmobs:maggot":2,"minecraft:oak_sapling":1,"minecraft:music_disc_5":2,"simpleores:mythril_bow":2,"minecraft:oak_leaves":2,"minecraft:diamond_pickaxe":14,"aquaculture:fishing_line":3,"iceandfire:dragon_skull_lightning":4,"minecraft:charcoal":128,"minecraft:waxed_oxidized_cut_copper":14,"minecraft:crafting_table":21,"youre_seeing_dungeons:magic_rags":4,"minecraft:nether_wart":435,"ogres:ogre_bone":2,"minecraft:leather_leggings":2,"irons_spellbooks:tarnished_helmet":3,"minecraft:wooden_pickaxe":2,"minecraft:gold_block":5,"ecologics:coconut_boat":1,"minecraft:shield":12,"minecraft:iron_axe":17,"minecraft:wooden_sword":3,"minecraft:flint_and_steel":6,"minecraft:item_frame":2,"minecraft:quartz_slab":3,"minecraft:cracked_stone_bricks":2,"irons_spellbooks:conjurers_talisman":3,"minecraft:candle":1,"simpleores:raw_adamantium":76,"minecraft:beef":46,"minecraft:andesite_stairs":4,"minecraft:sugar_cane":30,"minecraft:chest":1,"simpleores:adamantium_ingot":4,"minecraft:raw_iron":244,"iceandfire:dragonbone":50,"iceandfire:deathworm_chitin_red":1,"ecologics:coconut_slice":3,"minecraft:copper_ingot":476,"minecraft:quartz_pillar":2,"minecraft:music_disc_11":3,"iceandfire:deathworm_chitin_white":1,"minecraft:carrot":3544,"iceandfire:deathworm_egg_giant":1,"youre_seeing_dungeons:loot_token":7,"minecraft:smooth_sandstone_slab":15,"mowziesmobs:umvuthana_mask_faith":2,"youre_seeing_dungeons:essence":97,"simpleores:mythril_rod":2,"iceandfire:silver_ingot":14,"minecraft:arrow":61,"minecraft:diamond_chestplate":53,"artifacts:cross_necklace":5,"mowziesmobs:umvuthana_mask_bliss":8,"minecraft:gold_ingot":1107,"minecraft:mutton":22,"iceandfire:armor_black_chestplate":9,"minecraft:skeleton_skull":19,"minecraft:white_wool":14,"minecraft:bone_block":128,"ecologics:flowering_azalea_log":4,"minecraft:smooth_red_sandstone_stairs":3,"minecraft:golden_carrot":84,"artifacts:digging_claws":17,"minecraft:glow_ink_sac":2,"minecraft:tripwire_hook":1,"minecraft:leather":17,"minecraft:music_disc_stal":3,"minecraft:birch_planks":12,"minecraft:oak_log":16,"artifacts:superstitious_hat":7,"twilightforest:music_disc_home":3,"minecraft:gunpowder":78,"iceandfire:armor_copper_metal_helmet":3,"simpleores:tin_pickaxe":2,"travelersbackpack:sheep":4,"man:cassette_1safetyinstructions":1,"minecraft:cooked_mutton":1,"minecraft:stone_bricks":10,"minecraft:kelp":5,"cataclysm:music_disc_the_leviathan":4,"minecraft:music_disc_far":3,"minecraft:iron_ingot":909,"minecraft:stone_pickaxe":6,"minecraft:cobweb":52,"minecraft:polished_andesite_slab":1,"minecraft:iron_sword":16,"minecraft:music_disc_chirp":2,"minecraft:book":151,"iceandfire:copper_nugget":736,"endrem:witch_pupil":2,"iceandfire:ash":3,"minecraft:gravel":1,"minecraft:amethyst_shard":48,"minecraft:spider_eye":8,"minecraft:cut_red_sandstone":1,"iceandfire:dragonscales_copper":44,"travelersbackpack:standard":4,"iceandfire:dragon_flute":1,"youre_seeing_dungeons:unreal_dagger":2,"minecraft:lime_banner":1,"iceandfire:stymphalian_arrow":2,"bygonenether:wither_waltz_music_disc":2,"minecraft:slime_ball":264,"youre_seeing_dungeons:rags":27,"minecraft:polished_diorite":9,"iceandfire:silver_sword":13,"simpleores:tin_ingot":88,"minecraft:iron_helmet":20,"minecraft:diamond_axe":6,"minecraft:painting":2,"mowziesmobs:umvuthana_mask_fear":8,"minecraft:coal":1093},"minecraft:broken":{"minecraft:iron_sword":2,"minecraft:shield":1,"minecraft:iron_pickaxe":1,"minecraft:iron_helmet":2},"minecraft:mined":{"minecraft:stone_pressure_plate":1,"minecraft:spruce_planks":13,"minecraft:andesite_stairs":3,"alexsmobs:leafcutter_anthill":1,"minecraft:granite":16,"minecraft:smooth_red_sandstone_stairs":3,"minecraft:red_sand":1,"minecraft:acacia_log":21,"minecraft:grass_block":7,"minecraft:jungle_log":7,"minecraft:coal_block":33,"minecraft:polished_diorite":11,"minecraft:mud_bricks":8,"minecraft:nether_wart":60,"minecraft:spawner":45,"minecraft:smooth_stone":7,"geode:medium_diamond_bud":3,"minecraft:iron_ore":60,"minecraft:barrel":3,"minecraft:fire":3,"minecraft:cobbled_deepslate":1,"minecraft:anvil":1,"minecraft:smooth_red_sandstone":1,"geode:small_diamond_bud":6,"minecraft:cave_vines":1,"minecraft:iron_bars":10,"minecraft:quartz_slab":3,"minecraft:deepslate_brick_stairs":1,"minecraft:smooth_sandstone_stairs":2,"minecraft:azalea_leaves":1,"simpleores:tin_ore":6,"youre_seeing_dungeons:chiseled_hideout_block":12,"minecraft:cyan_terracotta":2,"geode:diamond_crystal":1,"minecraft:chest":1,"minecraft:polished_diorite_slab":3,"minecraft:cobblestone":6,"minecraft:oak_planks":22,"minecraft:iron_door":2,"minecraft:smooth_sandstone_slab":23,"geode:large_diamond_bud":1,"minecraft:white_terracotta":3,"minecraft:blue_terracotta":1,"minecraft:jungle_wood":1,"simpleores:deepslate_tin_ore":1,"minecraft:jukebox":1,"minecraft:stone_brick_stairs":8,"minecraft:grass":14,"minecraft:oak_log":10,"ecologics:flowering_azalea_log":4,"minecraft:sand":1,"minecraft:dirt":9,"minecraft:cut_red_sandstone":2,"minecraft:oak_leaves":12,"minecraft:deepslate":38,"minecraft:diamond_ore":1,"minecraft:tuff":7,"iceandfire:silver_ore":4,"minecraft:quartz_stairs":1,"minecraft:mossy_cobblestone":1,"minecraft:deepslate_diamond_ore":3,"geode:budding_diamond":8,"minecraft:jungle_planks":1,"minecraft:white_stained_glass":5,"iceandfire:deepslate_silver_ore":1,"minecraft:polished_andesite_slab":2,"ecologics:coconut_log":7,"simpleores:deepslate_adamantium_ore":7,"minecraft:moss_block":2,"minecraft:sandstone":1,"minecraft:waxed_oxidized_cut_copper":4,"minecraft:furnace":8,"minecraft:carrots":191,"minecraft:andesite":6,"minecraft:acacia_stairs":1,"minecraft:green_terracotta":2,"minecraft:black_concrete":2,"simpleores:adamantium_ore":4,"minecraft:polished_deepslate":10,"minecraft:bookshelf":3,"minecraft:lime_wall_banner":1,"minecraft:cobblestone_slab":10,"minecraft:deepslate_iron_ore":55,"minecraft:vine":2,"minecraft:rail":1,"minecraft:stone":204,"minecraft:bone_block":69,"minecraft:redstone_block":1,"minecraft:glass_pane":2,"minecraft:brown_carpet":6,"minecraft:smooth_sandstone":22,"minecraft:crafting_table":14,"minecraft:copper_ore":3,"minecraft:tall_grass":4,"minecraft:red_concrete":2,"minecraft:diorite":8,"minecraft:spruce_stairs":2,"minecraft:birch_planks":12,"minecraft:red_terracotta":14,"minecraft:waxed_weathered_cut_copper_slab":1,"simpleores:deepslate_mythril_ore":3,"minecraft:white_carpet":2,"minecraft:quartz_pillar":4,"simpleores:mythril_ore":11,"minecraft:coal_ore":33,"minecraft:gravel":1,"minecraft:cobweb":24,"minecraft:cracked_stone_bricks":2,"youre_seeing_dungeons:hideout_loot_box":4,"minecraft:acacia_planks":1,"minecraft:stone_bricks":17,"minecraft:chipped_anvil":1,"minecraft:fern":1,"minecraft:dark_oak_planks":1},"minecraft:killed_by":{"themutantmobsmod:mutant_zombie_villager":1,"mowziesmobs:umvuthi":4,"mowziesmobs:umvuthana":2,"minecraft:zombie":9,"alexsmobs:gorilla":1,"minecraft:player":4,"minecraft:spider":1,"minecraft:skeleton":2,"iceandfire:lightning_dragon":12,"cave_dweller:cave_dweller":1},"minecraft:custom":{"minecraft:interact_with_crafting_table":83,"minecraft:open_barrel":316,"goblintraders:trade_with_goblin":13,"minecraft:eat_cake_slice":3,"minecraft:leave_game":22,"minecraft:time_since_death":33307,"minecraft:damage_resisted":147,"minecraft:sprint_one_cm":1117004,"minecraft:damage_blocked_by_shield":1528,"minecraft:drop":182,"minecraft:play_noteblock":1,"minecraft:play_time":558318,"minecraft:deaths":39,"minecraft:jump":9246,"minecraft:walk_on_water_one_cm":132589,"minecraft:interact_with_furnace":87,"minecraft:play_record":25,"minecraft:interact_with_loom":1,"minecraft:sleep_in_bed":2,"minecraft:damage_dealt":99344,"minecraft:player_kills":3,"minecraft:crouch_one_cm":24377,"minecraft:interact_with_smoker":1,"minecraft:interact_with_smithing_table":4,"minecraft:interact_with_anvil":15,"minecraft:mob_kills":527,"minecraft:damage_dealt_resisted":1711,"minecraft:climb_one_cm":35315,"minecraft:walk_one_cm":876783,"minecraft:damage_dealt_absorbed":40,"minecraft:sneak_time":12956,"minecraft:walk_under_water_one_cm":72178,"minecraft:boat_one_cm":148741,"minecraft:interact_with_blast_furnace":2,"minecraft:total_world_time":558318,"minecraft:tune_noteblock":19,"minecraft:interact_with_stonecutter":1,"minecraft:time_since_rest":33409,"minecraft:damage_taken":2147483647,"minecraft:damage_absorbed":77,"minecraft:trigger_trapped_chest":3,"minecraft:swim_one_cm":260214,"minecraft:fly_one_cm":1743381,"minecraft:open_chest":224,"minecraft:fall_one_cm":209888},"minecraft:crafted":{"minecraft:oak_planks":32,"ironfurnaces:iron_furnace":1,"minecraft:cooked_mutton":3,"ecologics:flowering_azalea_planks":16,"minecraft:diamond_helmet":1,"minecraft:iron_boots":2,"minecraft:chest":1,"simpleores:tin_ingot":17,"simpleores:mythril_rod":2,"minecraft:wooden_shovel":1,"minecraft:emerald":7,"minecraft:crafting_table":8,"minecraft:wooden_pickaxe":1,"minecraft:iron_helmet":1,"minecraft:copper_ingot":8,"minecraft:gold_block":14,"simpleores:tin_block":1,"minecraft:iron_chestplate":1,"minecraft:emerald_block":1,"minecraft:shield":4,"minecraft:stick":40,"minecraft:iron_ingot":244,"minecraft:iron_pickaxe":3,"minecraft:iron_block":47,"minecraft:gold_ingot":23,"iceandfire:dragon_horn":1,"ecologics:flowering_azalea_boat":1,"iceandfire:silver_sword":1,"simpleores:tin_pickaxe":1,"minecraft:golden_carrot":42,"minecraft:wooden_sword":1,"minecraft:coal":18,"minecraft:jukebox":2,"ecologics:coconut_planks":28,"simpleores:adamantium_bricks":1,"minecraft:furnace":5,"iceandfire:dragon_flute":1,"minecraft:iron_axe":3,"minecraft:stone_pickaxe":1,"iceandfire:armor_black_chestplate":1,"ecologics:coconut_boat":1,"minecraft:coal_block":21,"simpleores:tin_sword":1,"iceandfire:armor_black_leggings":1,"iceandfire:silver_ingot":4,"aquaculture:fishing_line":1,"minecraft:iron_sword":2,"minecraft:air":0,"minecraft:jungle_planks":60,"simpleores:mythril_bow":1,"minecraft:gold_nugget":342,"minecraft:wooden_axe":1,"simpleores:mythril_ingot":14,"minecraft:iron_leggings":2,"minecraft:anvil":3,"minecraft:acacia_planks":12,"minecraft:torch":32,"minecraft:diamond_chestplate":1},"minecraft:used":{"minecraft:music_disc_far":1,"minecraft:polished_deepslate":1,"minecraft:chest":1,"minecraft:shield":72,"minecraft:white_terracotta":1,"minecraft:iron_sword":1821,"minecraft:iron_chestplate":4,"minecraft:mutton":4,"minecraft:jungle_planks":2,"minecraft:carrot":317,"minecraft:music_disc_11":1,"minecraft:tuff":7,"iceandfire:crackled_gravel":1,"minecraft:quartz_slab":3,"minecraft:quartz_pillar":2,"minecraft:iron_helmet":3,"minecraft:stone_brick_stairs":2,"minecraft:stone_bricks":9,"minecraft:music_disc_stal":1,"minecraft:rabbit_stew":1,"ironfurnaces:iron_furnace":1,"minecraft:furnace":10,"minecraft:diorite":8,"minecraft:oak_planks":7,"minecraft:stone_pickaxe":103,"minecraft:wooden_pickaxe":3,"minecraft:diamond_axe":197,"minecraft:cookie":18,"minecraft:golden_apple":3,"minecraft:glow_berries":13,"minecraft:sand":13,"cataclysm:music_disc_the_leviathan":2,"simpleores:mythril_bow":5,"iceandfire:lightning_dragon_flesh":3,"gnumus:gnumus_chickpeas":3,"minecraft:bread":7,"minecraft:red_terracotta":14,"minecraft:polished_andesite_slab":1,"ecologics:coconut_slice":1,"minecraft:fire_charge":1,"minecraft:wooden_sword":58,"minecraft:coal_block":81,"cataclysm:music_disc_ignis":2,"bygonenether:wither_waltz_music_disc":1,"minecraft:andesite":1,"minecraft:experience_bottle":5,"iceandfire:silver_sword":233,"ogres:ogre_meat":2,"minecraft:music_disc_5":2,"minecraft:spruce_planks":25,"simpleores:tin_sword":7,"ecologics:flowering_azalea_boat":1,"travelersbackpack:bat":1,"minecraft:torch":26,"minecraft:dirt":5,"minecraft:anvil":3,"minecraft:diamond_helmet":2,"minecraft:granite":5,"minecraft:polished_diorite":8,"minecraft:wooden_axe":10,"alexsmobs:maggot":2,"twilightforest:music_disc_motion":3,"cataclysm:music_disc_netherite_monstrosity":3,"minecraft:iron_axe":39,"minecraft:iron_boots":9,"twilightforest:music_disc_steps":2,"twilightforest:music_disc_home":2,"minecraft:golden_carrot":27,"minecraft:diamond_chestplate":5,"ecologics:coconut_boat":1,"twilightforest:music_disc_thread":1,"minecraft:cobbled_deepslate":4,"minecraft:iron_leggings":5,"travelersbackpack:sheep":5,"minecraft:cooked_mutton":4,"simpleores:onyx_sword":11,"minecraft:birch_planks":12,"minecraft:baked_potato":23,"minecraft:smooth_sandstone_slab":5,"minecraft:spruce_sign":1,"minecraft:cracked_stone_bricks":1,"minecraft:crafting_table":19,"cataclysm:music_disc_the_harbinger":4,"minecraft:smooth_red_sandstone_stairs":3,"minecraft:oak_log":1,"minecraft:diamond_pickaxe":365,"minecraft:acacia_stairs":1,"minecraft:iron_pickaxe":332,"iceandfire:dragon_horn":5,"minecraft:cobblestone":18,"minecraft:potion":1,"travelersbackpack:standard":6,"simpleores:tin_pickaxe":64,"alexsmobs:animal_dictionary":3,"minecraft:diamond_leggings":6,"minecraft:jukebox":2,"minecraft:smooth_stone":4}},"DataVersion":3120}